capture_id,order,packet_index_zero_based,outer_type,wire_control_opcode,logical_pre_or_control_if_proven,payload_length,payload_shape,candidate_address_fields,candidate_length_fields,preceding_mode_state,following_response,repetition_count_in_capture,memory_read_candidate
recovered-rilevamento-sha256-50071c0f,1,25,0xa0,0x01,0x00 for bounded no-ack form,4,A0 inner=5 payload=4; bounded prefix=0000000088,none,outer LE16 + inner LE16; no proven host memory-read length,enumeration/initial queries,packet 33: A0 0xb0 len=10,10,no
recovered-rilevamento-sha256-50071c0f,2,27,0xa0,0xd5,0xd4 (builder-proven),2,A0 inner=3 payload=2; bounded prefix=0000d3,none,outer LE16 + inner LE16; no proven host memory-read length,enumeration/initial queries,packet 33: A0 0xb0 len=10,4,no
recovered-rilevamento-sha256-50071c0f,3,29,0xa0,0x01,0x00 for bounded no-ack form,4,A0 inner=5 payload=4; bounded prefix=0000000088,none,outer LE16 + inner LE16; no proven host memory-read length,enumeration/initial queries,packet 33: A0 0xb0 len=10,10,no
recovered-rilevamento-sha256-50071c0f,4,31,0xa0,0xa8,0xa8,2,A0 inner=3 payload=2; bounded prefix=0000ff,none,outer LE16 + inner LE16; no proven host memory-read length,enumeration/initial queries,packet 33: A0 0xb0 len=10,2,no
recovered-rilevamento-sha256-50071c0f,5,36,0xa0,0x01,0x00 for bounded no-ack form,4,A0 inner=5 payload=4; bounded prefix=0000000088,none,outer LE16 + inner LE16; no proven host memory-read length,enumeration/initial queries,packet 43: A0 0xae len=24,10,no
recovered-rilevamento-sha256-50071c0f,6,39,0xa0,0x97,0x96 (builder-proven),2,A0 inner=3 payload=2; bounded prefix=01020e,none,outer LE16 + inner LE16; no proven host memory-read length,enumeration/initial queries,packet 43: A0 0xae len=24,1,no
recovered-rilevamento-sha256-50071c0f,7,41,0xa0,0xaf,0xae (builder-proven),5,A0 inner=6 payload=5; bounded prefix=55d565000067,none,outer LE16 + inner LE16; no proven host memory-read length,enumeration/initial queries,packet 43: A0 0xae len=24,5,no
recovered-rilevamento-sha256-50071c0f,8,44,0xa0,0x01,0x00 for bounded no-ack form,4,A0 inner=5 payload=4; bounded prefix=0000000088,none,outer LE16 + inner LE16; no proven host memory-read length,enumeration/initial queries,packet 49: A0 0xb0 len=10,10,no
recovered-rilevamento-sha256-50071c0f,9,47,0xa0,0xa8,0xa8,2,A0 inner=3 payload=2; bounded prefix=0000ff,none,outer LE16 + inner LE16; no proven host memory-read length,enumeration/initial queries,packet 49: A0 0xb0 len=10,2,no
recovered-rilevamento-sha256-50071c0f,10,53,0xa0,0xe4,0xe4,8,A0 inner=9 payload=8; bounded prefix=030002bb00000000fd,none,outer LE16 + inner LE16; no proven host memory-read length,normal APP cold-start pre-D1,packet 55: A0 0xb0 len=10,1,no
recovered-rilevamento-sha256-50071c0f,11,58,0xa0,0xa2,0xa2,2,A0 inner=3 payload=2; bounded prefix=0114f0,none,outer LE16 + inner LE16; no proven host memory-read length,normal APP cold-start pre-D1,packet 61: A0 0xb0 len=10,2,no
recovered-rilevamento-sha256-50071c0f,12,65,0xa0,0x82,0x82,5,A0 inner=6 payload=5; bounded prefix=00000004001e,none,outer LE16 + inner LE16; no proven host memory-read length,normal APP cold-start pre-D1,packet 67: A0 0xb0 len=10,2,no
recovered-rilevamento-sha256-50071c0f,13,70,0xa0,0xa6,0xa6,2,A0 inner=3 payload=2; bounded prefix=000001,none,outer LE16 + inner LE16; no proven host memory-read length,normal APP cold-start pre-D1,packet 73: A0 0xb0 len=10,1,no
recovered-rilevamento-sha256-50071c0f,14,77,0xa0,0xa2,0xa2,2,A0 inner=3 payload=2; bounded prefix=0114f0,none,outer LE16 + inner LE16; no proven host memory-read length,normal APP cold-start pre-D1,packet 79: A0 0xb0 len=10,2,no
recovered-rilevamento-sha256-50071c0f,15,82,0xa0,0x70,0x70,2,A0 inner=3 payload=2; bounded prefix=140023,none,outer LE16 + inner LE16; no proven host memory-read length,normal APP cold-start pre-D1,packet 85: A0 0xb0 len=10,1,no
recovered-rilevamento-sha256-50071c0f,16,87,0xa0,0x80,0x80,5,A0 inner=6 payload=5; bounded prefix=002002d80b1f,none,outer LE16 + inner LE16; no proven host memory-read length,normal APP cold-start pre-D1,packet 89: A0 0xb0 len=10,4,no
recovered-rilevamento-sha256-50071c0f,17,90,0xa0,0x80,0x80,5,A0 inner=6 payload=5; bounded prefix=003602be002e,none,outer LE16 + inner LE16; no proven host memory-read length,normal APP cold-start pre-D1,packet 93: A0 0xb0 len=10,4,no
recovered-rilevamento-sha256-50071c0f,18,94,0xa0,0x80,0x80,5,A0 inner=6 payload=5; bounded prefix=003802bd002d,none,outer LE16 + inner LE16; no proven host memory-read length,normal APP cold-start pre-D1,packet 97: A0 0xb0 len=10,4,no
recovered-rilevamento-sha256-50071c0f,19,99,0xa0,0x80,0x80,5,A0 inner=6 payload=5; bounded prefix=003a02bc002c,none,outer LE16 + inner LE16; no proven host memory-read length,normal APP cold-start pre-D1,packet 101: A0 0xb0 len=10,4,no
recovered-rilevamento-sha256-50071c0f,20,103,0xa0,0x90,0x90,224,A0 inner=225 payload=224; bounded prefix=7011748500852cb118c914dd00dd00dd,0x08012a1d@inner+176;0x08012a58@inner+200;0x08005200@inner+204,outer LE16 + inner LE16; no proven host memory-read length,normal APP cold-start pre-D1,packet 111: A0 0xb0 len=10,1,false_positive_fixed_config_bytes
recovered-rilevamento-sha256-50071c0f,21,114,0xa0,0xd1,0xd1,2,A0 inner=3 payload=2; bounded prefix=0000d7,none,outer LE16 + inner LE16; no proven host memory-read length,D1 transition,packet 117: 0xb0 len=56,1,no
recovered-rilevamento-sha256-50071c0f,22,118,0xb0,n/a,n/a,86,"B0 TLS record wrapper, frame length=90",not inspected as plaintext; TLS transport,B0/TLS record length only,D1 transition,packet 125: 0xb0 len=30,4,no
recovered-rilevamento-sha256-50071c0f,23,122,0xb0,n/a,n/a,9,"B0 TLS record wrapper, frame length=13",not inspected as plaintext; TLS transport,B0/TLS record length only,B0/TLS/application session,packet 125: 0xb0 len=30,4,no
recovered-rilevamento-sha256-50071c0f,24,130,0xb0,n/a,n/a,6,"B0 TLS record wrapper, frame length=10",not inspected as plaintext; TLS transport,B0/TLS record length only,B0/TLS/application session,packet 137: A0 0xb0 len=10,4,no
recovered-rilevamento-sha256-50071c0f,25,132,0xb0,n/a,n/a,45,"B0 TLS record wrapper, frame length=49",not inspected as plaintext; TLS transport,B0/TLS record length only,B0/TLS/application session,packet 137: A0 0xb0 len=10,4,no
recovered-rilevamento-sha256-50071c0f,26,135,0xa0,0xd4,0xd4,2,A0 inner=3 payload=2; bounded prefix=0000d3,none,outer LE16 + inner LE16; no proven host memory-read length,B0/TLS/application session,packet 137: A0 0xb0 len=10,1,no
recovered-rilevamento-sha256-50071c0f,27,139,0xa0,0xaf,0xae (builder-proven),5,A0 inner=6 payload=5; bounded prefix=55b267000088,none,outer LE16 + inner LE16; no proven host memory-read length,B0/TLS/application session,packet 141: A0 0xae len=24,5,no
recovered-rilevamento-sha256-50071c0f,28,142,0xa0,0x36,0x36,14,A0 inner=15 payload=14; bounded prefix=0901adadbdbda3a3b1b1a6a6b2b22f,none,outer LE16 + inner LE16; no proven host memory-read length,B0/TLS/application session,packet 145: A0 0xb0 len=10,3,no
recovered-rilevamento-sha256-50071c0f,29,148,0xa0,0x50,0x50,2,A0 inner=3 payload=2; bounded prefix=010056,none,outer LE16 + inner LE16; no proven host memory-read length,B0/TLS/application session,packet 151: A0 0xb0 len=10,2,no
recovered-rilevamento-sha256-50071c0f,30,154,0xa0,0x36,0x36,14,A0 inner=15 payload=14; bounded prefix=090180ad80be80a380b180a680b244,none,outer LE16 + inner LE16; no proven host memory-read length,B0/TLS/application session,packet 157: A0 0xb0 len=10,3,no
recovered-rilevamento-sha256-50071c0f,31,160,0xa0,0x82,0x82,5,A0 inner=6 payload=5; bounded prefix=00820002009e,none,outer LE16 + inner LE16; no proven host memory-read length,B0/TLS/application session,packet 163: A0 0xb0 len=10,2,no
recovered-rilevamento-sha256-50071c0f,32,167,0xa0,0x20,0x20,2,A0 inner=3 payload=2; bounded prefix=010086,none,outer LE16 + inner LE16; no proven host memory-read length,B0/TLS/application session,packet 169: A0 0xb0 len=10,2,no
recovered-rilevamento-sha256-50071c0f,33,172,0xa0,0x36,0x36,14,A0 inner=15 payload=14; bounded prefix=090180ad80bd80a380b180a680b245,none,outer LE16 + inner LE16; no proven host memory-read length,B0/TLS/application session,packet 175: A0 0xb0 len=10,3,no
recovered-rilevamento-sha256-50071c0f,34,178,0xa0,0x32,0x32,16,A0 inner=17 payload=16; bounded prefix=080180ac80bd80a380b180a680b26d68,none,outer LE16 + inner LE16; no proven host memory-read length,B0/TLS/application session,packet 181: A0 0xb0 len=10,3,no
recovered-rilevamento-sha256-50071c0f,35,187,0xa0,0x01,0x00 for bounded no-ack form,4,A0 inner=5 payload=4; bounded prefix=0000000088,none,outer LE16 + inner LE16; no proven host memory-read length,B0/TLS/application session,packet 195: A0 0xae len=24,10,no
recovered-rilevamento-sha256-50071c0f,36,189,0xa0,0xd5,0xd4 (builder-proven),2,A0 inner=3 payload=2; bounded prefix=0000d3,none,outer LE16 + inner LE16; no proven host memory-read length,B0/TLS/application session,packet 195: A0 0xae len=24,4,no
recovered-rilevamento-sha256-50071c0f,37,191,0xa0,0x01,0x00 for bounded no-ack form,4,A0 inner=5 payload=4; bounded prefix=0000000088,none,outer LE16 + inner LE16; no proven host memory-read length,B0/TLS/application session,packet 195: A0 0xae len=24,10,no
recovered-rilevamento-sha256-50071c0f,38,193,0xa0,0xaf,0xae (builder-proven),5,A0 inner=6 payload=5; bounded prefix=55f9b80000f0,none,outer LE16 + inner LE16; no proven host memory-read length,B0/TLS/application session,packet 195: A0 0xae len=24,5,no
recovered-rilevamento-sha256-50071c0f,39,199,0xa0,0x01,0x00 for bounded no-ack form,4,A0 inner=5 payload=4; bounded prefix=0000000088,none,outer LE16 + inner LE16; no proven host memory-read length,B0/TLS/application session,packet 207: A0 0xae len=24,10,no
recovered-rilevamento-sha256-50071c0f,40,201,0xa0,0xd5,0xd4 (builder-proven),2,A0 inner=3 payload=2; bounded prefix=0000d3,none,outer LE16 + inner LE16; no proven host memory-read length,B0/TLS/application session,packet 207: A0 0xae len=24,4,no
recovered-rilevamento-sha256-50071c0f,41,203,0xa0,0x01,0x00 for bounded no-ack form,4,A0 inner=5 payload=4; bounded prefix=0000000088,none,outer LE16 + inner LE16; no proven host memory-read length,B0/TLS/application session,packet 207: A0 0xae len=24,10,no
recovered-rilevamento-sha256-50071c0f,42,205,0xa0,0xaf,0xae (builder-proven),5,A0 inner=6 payload=5; bounded prefix=55c0e90000f8,none,outer LE16 + inner LE16; no proven host memory-read length,B0/TLS/application session,packet 207: A0 0xae len=24,5,no
recovered-rilevamento-sha256-50071c0f,43,211,0xa0,0x01,0x00 for bounded no-ack form,4,A0 inner=5 payload=4; bounded prefix=0000000088,none,outer LE16 + inner LE16; no proven host memory-read length,B0/TLS/application session,packet 219: A0 0xae len=24,10,no
recovered-rilevamento-sha256-50071c0f,44,213,0xa0,0xd5,0xd4 (builder-proven),2,A0 inner=3 payload=2; bounded prefix=0000d3,none,outer LE16 + inner LE16; no proven host memory-read length,B0/TLS/application session,packet 219: A0 0xae len=24,4,no
recovered-rilevamento-sha256-50071c0f,45,215,0xa0,0x01,0x00 for bounded no-ack form,4,A0 inner=5 payload=4; bounded prefix=0000000088,none,outer LE16 + inner LE16; no proven host memory-read length,B0/TLS/application session,packet 219: A0 0xae len=24,10,no
recovered-rilevamento-sha256-50071c0f,46,217,0xa0,0xaf,0xae (builder-proven),5,A0 inner=6 payload=5; bounded prefix=55b73d0000ad,none,outer LE16 + inner LE16; no proven host memory-read length,B0/TLS/application session,packet 219: A0 0xae len=24,5,no
recovered-rilevamento-sha256-50071c0f,47,220,0xa0,0x32,0x32,16,A0 inner=17 payload=16; bounded prefix=080180ac80bd80a380b180a680b2b73d,none,outer LE16 + inner LE16; no proven host memory-read length,B0/TLS/application session,packet 223: A0 0xb0 len=10,3,no
recovered-rilevamento-sha256-50071c0f,48,227,0xa0,0x22,0x22,2,A0 inner=3 payload=2; bounded prefix=010084,none,outer LE16 + inner LE16; no proven host memory-read length,B0/TLS/application session,packet 229: A0 0xb0 len=10,1,no
recovered-rilevamento-sha256-50071c0f,49,233,0xa0,0x34,0x34,14,A0 inner=15 payload=14; bounded prefix=0a01808780948081807a807f808641,none,outer LE16 + inner LE16; no proven host memory-read length,B0/TLS/application session,packet 235: A0 0xb0 len=10,1,no
recovered-rilevamento-sha256-50071c0f,50,238,0xa0,0x20,0x20,2,A0 inner=3 payload=2; bounded prefix=010086,none,outer LE16 + inner LE16; no proven host memory-read length,B0/TLS/application session,packet 241: A0 0xb0 len=10,2,no
recovered-rilevamento-sha256-50071c0f,51,244,0xa0,0x50,0x50,2,A0 inner=3 payload=2; bounded prefix=010056,none,outer LE16 + inner LE16; no proven host memory-read length,B0/TLS/application session,packet 247: A0 0xb0 len=10,2,no
recovered-rilevamento-sha256-50071c0f,52,251,0xa0,0x32,0x32,16,A0 inner=17 payload=16; bounded prefix=080180ac80bd80a380b180a680b2765e,none,outer LE16 + inner LE16; no proven host memory-read length,B0/TLS/application session,packet 253: A0 0xb0 len=10,3,no
