file_off	va	ref_count	refs	string
0x1867a8	0x1801877a8	9	180013998,180014e70,18001518d,180059e6b,18005bdc1,18005c20d,18005c3f8,18005d1fe,18005d459	d0exit happened
0x4e1348	0x1804e2348	11	18005d5e4,18005d663,18005d742,18005d805,18005d86f,18005d915,18005d969,18005da45,18005daaf,18005db51,18005db9c	UsbSendDataToDeviceLock
0x4e1380	0x1804e2380	1	18005d646	d0exit happened, only send PC State
0x4e1420	0x1804e2420	2	18005d852,18005da92	D0exit happened, Cmd0-Cmd1: %x-%x
0x4e3cb0	0x1804e4cb0	1	18005cd2e	cmd0-cmd1-Len-ackt-ec:0x%x-%d-0x%x-%d-%d
0x4e3e40	0x1804e4e40	12	18005cd4b,18005ce79,18005d011,18005d106,18005d19d,18005d21b,18005d282,18005d2f4,18005d3a9,18005d476,18005d4e5,18005d55a	UsbSendDataToDevice
0x4e3ed0	0x1804e4ed0	2	18005a49f,18005a590	InitAndSendCMDbuffer
0x4e5388	0x1804e6388	41	18005f128,18005f28d,18005f339,18005f3b6,18005f47b,18005f54b,18005f74a,18005f78b,18005f873,18005f8cd,18005f92a,18005f96b	data_from_device
0x4e5438	0x1804e6438	1	18005f31c	recvd data cmd-len: 0x%x-%d
0x4e54e8	0x1804e64e8	1	18005f52e	!!!!check sum error
0x4e5b48	0x1804e6b48	12	18005e8b1,18005e962,18005e9fa,18005ea35,18005ea8f,18005ebbd,18005ecb1,18005ed8b,18005eddd,18005eeec,18005ef50,18005f06e	data_from_USB
0x4e5b68	0x1804e6b68	1	18005e94e	wrong head in data:
0x4e5b90	0x1804e6b90	1	18005e9dd	Incorrect pack header, input len %d
0x4e5bd8	0x1804e6bd8	1	18005ea19	Incorrect pack header
0x4e5c10	0x1804e6c10	1	18005ea72	Incorrect pack header, should but not %d
0x4e5ce0	0x1804e6ce0	1	18005eecf	pack :type: 0x%x, len: %d, checksum: 0x%x and first 5 bytes: 0x%x 0x%x 0x%x 0x%x 0x%x
0x4e5d90	0x1804e6d90	1	18005ef33	not tls inited
0x4e6340	0x1804e7340	4	180064d60,180064de0,180064e4f,180064ed0	not expected ack for cmd 0x%x
0x4e63a0	0x1804e73a0	1	180064f29	not supported ack for cmd 0x%x
0x4e63e0	0x1804e73e0	1	180064f77	get ack for cmd 0x%x, cfg flag 0x%x
0x4e64b8	0x1804e74b8	1	1800651c7	Client TLS connection %s 
0x4e64f0	0x1804e74f0	1	180065237	Client TLS connection %s
0x4e6528	0x1804e7528	1	1800652a7	--- tls connection ack: %d
0x4e67a8	0x1804e77a8	7	18005c3af,18005c415,18005c475,18005c507,18005c60a,18005c671,18005c6e4	SendTLSPackage
0x4e6878	0x1804e7878	1	18005c654	tls state:%d.
0x4e68f8	0x1804e78f8	3	18005bc16,18005bc87,18005bd06	RecvTLSPackage
