Rockytkg/libfprint/libfprint/sigfm/binary.hpp	LGPL-2.1-or-later	ROCKY_SIGFM_7ebe0c8
Rockytkg/libfprint/libfprint/sigfm/img-info.hpp	LGPL-2.1-or-later	ROCKY_SIGFM_7ebe0c8
Rockytkg/libfprint/libfprint/sigfm/sigfm.cpp	LGPL-2.1-or-later	ROCKY_SIGFM_7ebe0c8
Rockytkg/libfprint/libfprint/sigfm/sigfm.h	LGPL-2.1-or-later	ROCKY_SIGFM_7ebe0c8
libfprint-driver/goodix_a0_protocol.c	LGPL-2.1-or-later	LOCAL_GOODIX
libfprint-driver/goodix_a0_protocol.h	LGPL-2.1-or-later	LOCAL_GOODIX
libfprint-driver/goodix_action_binding.c	LGPL-2.1-or-later	LOCAL_GOODIX
libfprint-driver/goodix_action_binding.h	LGPL-2.1-or-later	LOCAL_GOODIX
libfprint-driver/goodix_bb010002.c	LGPL-2.1-or-later	LOCAL_GOODIX
libfprint-driver/goodix_bb010002.h	LGPL-2.1-or-later	LOCAL_GOODIX
libfprint-driver/goodix_config90.c	GPL-2.0-or-later	ROCKY_CONFIG90_227eba219fa9e3fbac5bd59aca79f624f67cd11b
libfprint-driver/goodix_config90.h	GPL-2.0-or-later	ROCKY_CONFIG90_227eba219fa9e3fbac5bd59aca79f624f67cd11b
libfprint-driver/goodix_enrollment_command_body.c	LGPL-2.1-or-later	LOCAL_GOODIX
libfprint-driver/goodix_enrollment_command_body.h	LGPL-2.1-or-later	LOCAL_GOODIX
libfprint-driver/goodix_enrollment_command_plan.c	LGPL-2.1-or-later	LOCAL_GOODIX
libfprint-driver/goodix_enrollment_command_plan.h	LGPL-2.1-or-later	LOCAL_GOODIX
libfprint-driver/goodix_enrollment_diversity.c	LGPL-2.1-or-later	LOCAL_GOODIX
libfprint-driver/goodix_enrollment_diversity.h	LGPL-2.1-or-later	LOCAL_GOODIX
libfprint-driver/goodix_enrollment_fdt_state.c	LGPL-2.1-or-later	LOCAL_GOODIX
libfprint-driver/goodix_enrollment_fdt_state.h	LGPL-2.1-or-later	LOCAL_GOODIX
libfprint-driver/goodix_enrollment_fpi_usb_binding.c	LGPL-2.1-or-later	LOCAL_GOODIX
libfprint-driver/goodix_enrollment_fpi_usb_binding.h	LGPL-2.1-or-later	LOCAL_GOODIX
libfprint-driver/goodix_enrollment_lifecycle_adapter.c	LGPL-2.1-or-later	LOCAL_GOODIX
libfprint-driver/goodix_enrollment_lifecycle_adapter.h	LGPL-2.1-or-later	LOCAL_GOODIX
libfprint-driver/goodix_enrollment_model.c	LGPL-2.1-or-later	LOCAL_GOODIX
libfprint-driver/goodix_enrollment_model.h	LGPL-2.1-or-later	LOCAL_GOODIX
libfprint-driver/goodix_enrollment_outbound_frame.c	LGPL-2.1-or-later	LOCAL_GOODIX
libfprint-driver/goodix_enrollment_outbound_frame.h	LGPL-2.1-or-later	LOCAL_GOODIX
libfprint-driver/goodix_enrollment_outbound_transaction.c	LGPL-2.1-or-later	LOCAL_GOODIX
libfprint-driver/goodix_enrollment_outbound_transaction.h	LGPL-2.1-or-later	LOCAL_GOODIX
libfprint-driver/goodix_enrollment_pipeline.c	LGPL-2.1-or-later	LOCAL_GOODIX
libfprint-driver/goodix_enrollment_pipeline.h	LGPL-2.1-or-later	LOCAL_GOODIX
libfprint-driver/goodix_enrollment_post_tls_events.c	LGPL-2.1-or-later	LOCAL_GOODIX
libfprint-driver/goodix_enrollment_post_tls_events.h	LGPL-2.1-or-later	LOCAL_GOODIX
libfprint-driver/goodix_fdt_irq_policy.c	LGPL-2.1-or-later	LOCAL_GOODIX
libfprint-driver/goodix_fdt_irq_policy.h	LGPL-2.1-or-later	LOCAL_GOODIX
libfprint-driver/goodix_fpi_usb_backend.c	LGPL-2.1-or-later	LOCAL_GOODIX
libfprint-driver/goodix_fpi_usb_backend.h	LGPL-2.1-or-later	LOCAL_GOODIX
libfprint-driver/goodix_fpimage_device.c	LGPL-2.1-or-later	LOCAL_GOODIX
libfprint-driver/goodix_fpimage_device.h	LGPL-2.1-or-later	LOCAL_GOODIX
libfprint-driver/goodix_fpimage_pipeline.c	LGPL-2.1-or-later	LOCAL_GOODIX
libfprint-driver/goodix_fpimage_pipeline.h	LGPL-2.1-or-later	LOCAL_GOODIX
libfprint-driver/goodix_image_decoder.c	LGPL-2.1-or-later	LOCAL_GOODIX
libfprint-driver/goodix_image_decoder.h	LGPL-2.1-or-later	LOCAL_GOODIX
libfprint-driver/goodix_live_preflight.c	LGPL-2.1-or-later	LOCAL_GOODIX
libfprint-driver/goodix_live_preflight.h	LGPL-2.1-or-later	LOCAL_GOODIX
libfprint-driver/goodix_post_tls_lifecycle.c	LGPL-2.1-or-later	LOCAL_GOODIX
libfprint-driver/goodix_post_tls_lifecycle.h	LGPL-2.1-or-later	LOCAL_GOODIX
libfprint-driver/goodix_pairing_crypto.c	LGPL-2.1-or-later	LOCAL_GOODIX
libfprint-driver/goodix_pairing_crypto.h	LGPL-2.1-or-later	LOCAL_GOODIX
libfprint-driver/goodix_pairing_provision.c	GPL-2.0-or-later	LOCAL_GOODIX_PSK_POC_ADAPTATION
libfprint-driver/goodix_pairing_provision.h	GPL-2.0-or-later	LOCAL_GOODIX_PSK_POC_ADAPTATION
libfprint-driver/goodix_runtime_inputs.c	LGPL-2.1-or-later	LOCAL_GOODIX
libfprint-driver/goodix_runtime_inputs.h	LGPL-2.1-or-later	LOCAL_GOODIX
libfprint-driver/goodix_runtime_coordinator.c	LGPL-2.1-or-later	LOCAL_GOODIX
libfprint-driver/goodix_runtime_coordinator.h	LGPL-2.1-or-later	LOCAL_GOODIX
libfprint-driver/goodix_runtime_material.c	LGPL-2.1-or-later	LOCAL_GOODIX
libfprint-driver/goodix_runtime_material.h	LGPL-2.1-or-later	LOCAL_GOODIX
libfprint-driver/goodix_secure_session.c	LGPL-2.1-or-later	LOCAL_GOODIX
libfprint-driver/goodix_secure_session.h	LGPL-2.1-or-later	LOCAL_GOODIX
libfprint-driver/goodix_self_state.c	LGPL-2.1-or-later	LOCAL_GOODIX
libfprint-driver/goodix_self_state.h	LGPL-2.1-or-later	LOCAL_GOODIX
libfprint-driver/goodix_sigfm_metrics.cpp	LGPL-2.1-or-later	LOCAL_GOODIX
libfprint-driver/goodix_sigfm_metrics.h	LGPL-2.1-or-later	LOCAL_GOODIX
libfprint-driver/goodix_sigfm_preprocess.c	GPL-2.0-or-later	ROCKY_PREPROCESS_ADAPTATION
libfprint-driver/goodix_sigfm_preprocess.h	GPL-2.0-or-later	ROCKY_PREPROCESS_ADAPTATION
libfprint-driver/goodix_target_material.c	LGPL-2.1-or-later	LOCAL_GOODIX
libfprint-driver/goodix_target_material.h	LGPL-2.1-or-later	LOCAL_GOODIX
libfprint-driver/goodix_tls_server.c	LGPL-2.1-or-later	LOCAL_GOODIX
libfprint-driver/goodix_tls_server.h	LGPL-2.1-or-later	LOCAL_GOODIX
libfprint-driver/goodix_u16_to_fpimage.c	LGPL-2.1-or-later	LOCAL_GOODIX
libfprint-driver/goodix_u16_to_fpimage.h	LGPL-2.1-or-later	LOCAL_GOODIX
libfprint-driver/goodix_usb_router.c	LGPL-2.1-or-later	LOCAL_GOODIX
libfprint-driver/goodix_usb_router.h	LGPL-2.1-or-later	LOCAL_GOODIX
libfprint-driver/rockytkg-imgproc/goodix_imgproc.c	GPL-2.0-or-later	ROCKY_IMGPROC_227eba219fa9e3fbac5bd59aca79f624f67cd11b
libfprint-driver/rockytkg-imgproc/goodix_imgproc.h	GPL-2.0-or-later	ROCKY_IMGPROC_227eba219fa9e3fbac5bd59aca79f624f67cd11b
tools/__init__.py	GPL-2.0-or-later	LOCAL_GOODIX_WINDOWS_BUILDER
tools/windows_material_builder/AUDIT.md	GPL-2.0-or-later	LOCAL_GOODIX_WINDOWS_BUILDER
tools/windows_material_builder/README.md	GPL-2.0-or-later	LOCAL_GOODIX_WINDOWS_BUILDER
tools/windows_material_builder/__init__.py	GPL-2.0-or-later	LOCAL_GOODIX_WINDOWS_BUILDER
tools/windows_material_builder/__main__.py	GPL-2.0-or-later	LOCAL_GOODIX_WINDOWS_BUILDER
tools/windows_material_builder/backend.py	GPL-2.0-or-later	LOCAL_GOODIX_WINDOWS_BUILDER
tools/windows_material_builder/binding.py	GPL-2.0-or-later	LOCAL_GOODIX_MATERIAL_TOOLS_FA98461
tools/windows_material_builder/capture.py	GPL-2.0-or-later	LOCAL_GOODIX_WINDOWS_BUILDER
tools/windows_material_builder/capture_session.py	GPL-2.0-or-later	LOCAL_GOODIX_WINDOWS_BUILDER
tools/windows_material_builder/capture_worker.py	GPL-2.0-or-later	LOCAL_GOODIX_WINDOWS_BUILDER
tools/windows_material_builder/diagnostics.py	GPL-2.0-or-later	LOCAL_GOODIX_WINDOWS_BUILDER
tools/windows_material_builder/files.py	GPL-2.0-or-later	LOCAL_GOODIX_WINDOWS_BUILDER
tools/windows_material_builder/framing.py	GPL-2.0-or-later	LOCAL_GOODIX_MATERIAL_TOOLS_FA98461
tools/windows_material_builder/gui.py	GPL-2.0-or-later	LOCAL_GOODIX_WINDOWS_BUILDER
tools/windows_material_builder/test_builder.py	GPL-2.0-or-later	LOCAL_GOODIX_WINDOWS_BUILDER
tools/windows_material_builder/windows.py	GPL-2.0-or-later	LOCAL_GOODIX_WINDOWS_BUILDER
