frame,packet_index_zero_based,timestamp_utc,relative_ms,usb_bus,usb_device,usbpcap_function_numeric,function_semantic_class,status,status_semantic,transfer_type,endpoint,direction,usbpcap_info,urb_stage,data_length,wrapper,a0_control,marker_operator_phase,interpretation,evidence_class
11,10,2026-08-22T20:56:43.546254Z,0.000,1,2,0x000b,GET_DESCRIPTOR_FROM_DEVICE,0x00000000,USBD_STATUS_SUCCESS,2:CONTROL,0x80,DEVICE_TO_HOST,0x00,SUBMISSION,8,none,,VM_USB_ATTACH_BEGIN,get_descriptor_from_device,OBSERVED
12,11,2026-08-22T20:56:43.546637Z,0.383,1,2,0x0008,CONTROL_TRANSFER,0x00000000,USBD_STATUS_SUCCESS,2:CONTROL,0x80,DEVICE_TO_HOST,0x01,COMPLETION,18,none,,VM_USB_ATTACH_BEGIN,control_transfer,OBSERVED
13,12,2026-08-22T20:56:43.546684Z,0.430,1,2,0x000b,GET_DESCRIPTOR_FROM_DEVICE,0x00000000,USBD_STATUS_SUCCESS,2:CONTROL,0x80,DEVICE_TO_HOST,0x00,SUBMISSION,8,none,,VM_USB_ATTACH_BEGIN,get_descriptor_from_device,OBSERVED
14,13,2026-08-22T20:56:43.546940Z,0.686,1,2,0x0008,CONTROL_TRANSFER,0x00000000,USBD_STATUS_SUCCESS,2:CONTROL,0x80,DEVICE_TO_HOST,0x01,COMPLETION,9,none,,VM_USB_ATTACH_BEGIN,control_transfer,OBSERVED
15,14,2026-08-22T20:56:43.546979Z,0.725,1,2,0x000b,GET_DESCRIPTOR_FROM_DEVICE,0x00000000,USBD_STATUS_SUCCESS,2:CONTROL,0x80,DEVICE_TO_HOST,0x00,SUBMISSION,8,none,,VM_USB_ATTACH_BEGIN,get_descriptor_from_device,OBSERVED
16,15,2026-08-22T20:56:43.547238Z,0.984,1,2,0x0008,CONTROL_TRANSFER,0x00000000,USBD_STATUS_SUCCESS,2:CONTROL,0x80,DEVICE_TO_HOST,0x01,COMPLETION,67,none,,VM_USB_ATTACH_BEGIN,control_transfer,OBSERVED
17,16,2026-08-22T20:56:43.547276Z,1.022,1,2,0x0013,GET_STATUS_FROM_DEVICE,0x00000000,USBD_STATUS_SUCCESS,2:CONTROL,0x80,DEVICE_TO_HOST,0x00,SUBMISSION,8,none,,VM_USB_ATTACH_BEGIN,get_status_from_device,OBSERVED
18,17,2026-08-22T20:56:43.547468Z,1.214,1,2,0x0008,CONTROL_TRANSFER,0x00000000,USBD_STATUS_SUCCESS,2:CONTROL,0x80,DEVICE_TO_HOST,0x01,COMPLETION,2,none,,VM_USB_ATTACH_BEGIN,control_transfer,OBSERVED
19,18,2026-08-22T20:56:43.547705Z,1.451,1,2,0x0000,SELECT_CONFIGURATION,0x00000000,USBD_STATUS_SUCCESS,2:CONTROL,0x00,HOST_TO_DEVICE,0x00,SUBMISSION,8,none,,VM_USB_ATTACH_BEGIN,select_configuration,OBSERVED
20,19,2026-08-22T20:56:43.548013Z,1.759,1,2,0x0000,SELECT_CONFIGURATION,0x00000000,USBD_STATUS_SUCCESS,2:CONTROL,0x00,DEVICE_TO_HOST,0x01,COMPLETION,0,none,,VM_USB_ATTACH_BEGIN,select_configuration with no captured data,OBSERVED
21,20,2026-08-22T20:56:43.548016Z,1.762,1,2,0x0001,SELECT_INTERFACE,0x00000000,USBD_STATUS_SUCCESS,2:CONTROL,0x00,HOST_TO_DEVICE,0x00,SUBMISSION,8,none,,VM_USB_ATTACH_BEGIN,select_interface,OBSERVED
22,21,2026-08-22T20:56:43.548148Z,1.894,1,2,0x0001,SELECT_INTERFACE,0x00000000,USBD_STATUS_SUCCESS,2:CONTROL,0x00,DEVICE_TO_HOST,0x01,COMPLETION,0,none,,VM_USB_ATTACH_BEGIN,select_interface with no captured data,OBSERVED
23,22,2026-08-22T20:56:43.548739Z,2.485,1,2,0x0008,CONTROL_TRANSFER,0x00000000,USBD_STATUS_SUCCESS,2:CONTROL,0x80,DEVICE_TO_HOST,0x00,SUBMISSION,8,none,,VM_USB_ATTACH_BEGIN,control_transfer,OBSERVED
24,23,2026-08-22T20:56:43.549614Z,3.360,1,2,0x0008,CONTROL_TRANSFER,0x00000000,USBD_STATUS_SUCCESS,2:CONTROL,0x80,DEVICE_TO_HOST,0x01,COMPLETION,2,none,,VM_USB_ATTACH_BEGIN,control_transfer,OBSERVED
25,24,2026-08-22T20:56:43.573529Z,27.275,1,2,0x0009,BULK_OR_INTERRUPT_TRANSFER,0x00000000,USBD_STATUS_SUCCESS,3:BULK,0x81,DEVICE_TO_HOST,0x00,SUBMISSION,0,none,,VM_USB_ATTACH_BEGIN,bulk_or_interrupt_transfer with no captured data,OBSERVED
26,25,2026-08-22T20:56:43.575173Z,28.919,1,2,0x0009,BULK_OR_INTERRUPT_TRANSFER,0x00000000,USBD_STATUS_SUCCESS,3:BULK,0x01,HOST_TO_DEVICE,0x00,SUBMISSION,64,0xa0,0x01,VM_USB_ATTACH_BEGIN,bounded no-ack state form,OBSERVED
27,26,2026-08-22T20:56:43.575685Z,29.431,1,2,0x0009,BULK_OR_INTERRUPT_TRANSFER,0x00000000,USBD_STATUS_SUCCESS,3:BULK,0x01,HOST_TO_DEVICE,0x01,COMPLETION,0,none,,VM_USB_ATTACH_BEGIN,bulk_or_interrupt_transfer with no captured data,OBSERVED
28,27,2026-08-22T20:56:43.589938Z,43.684,1,2,0x0009,BULK_OR_INTERRUPT_TRANSFER,0x00000000,USBD_STATUS_SUCCESS,3:BULK,0x01,HOST_TO_DEVICE,0x00,SUBMISSION,64,0xa0,0xd5,VM_USB_ATTACH_BEGIN,D4 wire coordinate,OBSERVED
29,28,2026-08-22T20:56:43.590371Z,44.117,1,2,0x0009,BULK_OR_INTERRUPT_TRANSFER,0x00000000,USBD_STATUS_SUCCESS,3:BULK,0x01,HOST_TO_DEVICE,0x01,COMPLETION,0,none,,VM_USB_ATTACH_BEGIN,bulk_or_interrupt_transfer with no captured data,OBSERVED
30,29,2026-08-22T20:56:43.605194Z,58.940,1,2,0x0009,BULK_OR_INTERRUPT_TRANSFER,0x00000000,USBD_STATUS_SUCCESS,3:BULK,0x01,HOST_TO_DEVICE,0x00,SUBMISSION,64,0xa0,0x01,VM_USB_ATTACH_BEGIN,bounded no-ack state form,OBSERVED
31,30,2026-08-22T20:56:43.605611Z,59.357,1,2,0x0009,BULK_OR_INTERRUPT_TRANSFER,0x00000000,USBD_STATUS_SUCCESS,3:BULK,0x01,HOST_TO_DEVICE,0x01,COMPLETION,0,none,,VM_USB_ATTACH_BEGIN,bulk_or_interrupt_transfer with no captured data,OBSERVED
32,31,2026-08-22T20:56:43.621657Z,75.403,1,2,0x0009,BULK_OR_INTERRUPT_TRANSFER,0x00000000,USBD_STATUS_SUCCESS,3:BULK,0x01,HOST_TO_DEVICE,0x00,SUBMISSION,64,0xa0,0xa8,VM_USB_ATTACH_BEGIN,firmware version query,OBSERVED
33,32,2026-08-22T20:56:43.622446Z,76.192,1,2,0x0009,BULK_OR_INTERRUPT_TRANSFER,0x00000000,USBD_STATUS_SUCCESS,3:BULK,0x01,HOST_TO_DEVICE,0x01,COMPLETION,0,none,,VM_USB_ATTACH_BEGIN,bulk_or_interrupt_transfer with no captured data,OBSERVED
34,33,2026-08-22T20:56:43.622530Z,76.276,1,2,0x0009,BULK_OR_INTERRUPT_TRANSFER,0x00000000,USBD_STATUS_SUCCESS,3:BULK,0x81,DEVICE_TO_HOST,0x01,COMPLETION,10,0xa0,0xb0,VM_USB_ATTACH_BEGIN,A0 transport ACK; echo/status metadata present,OBSERVED
35,34,2026-08-22T20:56:43.623193Z,76.939,1,2,0x0009,BULK_OR_INTERRUPT_TRANSFER,0x00000000,USBD_STATUS_SUCCESS,3:BULK,0x81,DEVICE_TO_HOST,0x00,SUBMISSION,0,none,,VM_USB_ATTACH_BEGIN,bulk_or_interrupt_transfer with no captured data,OBSERVED
36,35,2026-08-22T20:56:43.623754Z,77.500,1,2,0x0009,BULK_OR_INTERRUPT_TRANSFER,0x00000000,USBD_STATUS_SUCCESS,3:BULK,0x81,DEVICE_TO_HOST,0x01,COMPLETION,30,0xa0,0xa8,VM_USB_ATTACH_BEGIN,firmware version query,OBSERVED
37,36,2026-08-22T20:56:43.624095Z,77.841,1,2,0x0009,BULK_OR_INTERRUPT_TRANSFER,0x00000000,USBD_STATUS_SUCCESS,3:BULK,0x81,DEVICE_TO_HOST,0x00,SUBMISSION,0,none,,VM_USB_ATTACH_BEGIN,bulk_or_interrupt_transfer with no captured data,OBSERVED
38,37,2026-08-22T20:56:43.624508Z,78.254,1,2,0x0009,BULK_OR_INTERRUPT_TRANSFER,0x00000000,USBD_STATUS_SUCCESS,3:BULK,0x01,HOST_TO_DEVICE,0x00,SUBMISSION,64,0xa0,0x01,VM_USB_ATTACH_BEGIN,bounded no-ack state form,OBSERVED
39,38,2026-08-22T20:56:43.624925Z,78.671,1,2,0x0009,BULK_OR_INTERRUPT_TRANSFER,0x00000000,USBD_STATUS_SUCCESS,3:BULK,0x01,HOST_TO_DEVICE,0x01,COMPLETION,0,none,,VM_USB_ATTACH_BEGIN,bulk_or_interrupt_transfer with no captured data,OBSERVED
40,39,2026-08-22T20:56:43.636279Z,90.025,1,2,0x0009,BULK_OR_INTERRUPT_TRANSFER,0x00000000,USBD_STATUS_SUCCESS,3:BULK,0x01,HOST_TO_DEVICE,0x00,SUBMISSION,64,0xa0,0x97,VM_USB_ATTACH_BEGIN,D230 builder-proven SetDriverState wire coordinate,OBSERVED
41,40,2026-08-22T20:56:43.637229Z,90.975,1,2,0x0009,BULK_OR_INTERRUPT_TRANSFER,0x00000000,USBD_STATUS_SUCCESS,3:BULK,0x01,HOST_TO_DEVICE,0x01,COMPLETION,0,none,,VM_USB_ATTACH_BEGIN,bulk_or_interrupt_transfer with no captured data,OBSERVED
42,41,2026-08-22T20:56:43.653413Z,107.159,1,2,0x0009,BULK_OR_INTERRUPT_TRANSFER,0x00000000,USBD_STATUS_SUCCESS,3:BULK,0x01,HOST_TO_DEVICE,0x00,SUBMISSION,64,0xa0,0xaf,VM_USB_ATTACH_BEGIN,MCU state query wire coordinate,OBSERVED
43,42,2026-08-22T20:56:43.654561Z,108.307,1,2,0x0009,BULK_OR_INTERRUPT_TRANSFER,0x00000000,USBD_STATUS_SUCCESS,3:BULK,0x01,HOST_TO_DEVICE,0x01,COMPLETION,0,none,,VM_USB_ATTACH_BEGIN,bulk_or_interrupt_transfer with no captured data,OBSERVED
44,43,2026-08-22T20:56:43.654637Z,108.383,1,2,0x0009,BULK_OR_INTERRUPT_TRANSFER,0x00000000,USBD_STATUS_SUCCESS,3:BULK,0x81,DEVICE_TO_HOST,0x01,COMPLETION,24,0xa0,0xae,VM_USB_ATTACH_BEGIN,MCU state response,OBSERVED
45,44,2026-08-22T20:56:43.654959Z,108.705,1,2,0x0009,BULK_OR_INTERRUPT_TRANSFER,0x00000000,USBD_STATUS_SUCCESS,3:BULK,0x81,DEVICE_TO_HOST,0x00,SUBMISSION,0,none,,VM_USB_ATTACH_BEGIN,bulk_or_interrupt_transfer with no captured data,OBSERVED
46,45,2026-08-22T20:56:43.655727Z,109.473,1,2,0x0009,BULK_OR_INTERRUPT_TRANSFER,0x00000000,USBD_STATUS_SUCCESS,3:BULK,0x01,HOST_TO_DEVICE,0x00,SUBMISSION,64,0xa0,0x01,VM_USB_ATTACH_BEGIN,bounded no-ack state form,OBSERVED
47,46,2026-08-22T20:56:43.656278Z,110.024,1,2,0x0009,BULK_OR_INTERRUPT_TRANSFER,0x00000000,USBD_STATUS_SUCCESS,3:BULK,0x01,HOST_TO_DEVICE,0x01,COMPLETION,0,none,,VM_USB_ATTACH_BEGIN,bulk_or_interrupt_transfer with no captured data,OBSERVED
48,47,2026-08-22T20:56:43.667939Z,121.685,1,2,0x0009,BULK_OR_INTERRUPT_TRANSFER,0x00000000,USBD_STATUS_SUCCESS,3:BULK,0x01,HOST_TO_DEVICE,0x00,SUBMISSION,64,0xa0,0xa8,VM_USB_ATTACH_BEGIN,firmware version query,OBSERVED
49,48,2026-08-22T20:56:43.668719Z,122.465,1,2,0x0009,BULK_OR_INTERRUPT_TRANSFER,0x00000000,USBD_STATUS_SUCCESS,3:BULK,0x01,HOST_TO_DEVICE,0x01,COMPLETION,0,none,,VM_USB_ATTACH_BEGIN,bulk_or_interrupt_transfer with no captured data,OBSERVED
50,49,2026-08-22T20:56:43.668793Z,122.539,1,2,0x0009,BULK_OR_INTERRUPT_TRANSFER,0x00000000,USBD_STATUS_SUCCESS,3:BULK,0x81,DEVICE_TO_HOST,0x01,COMPLETION,10,0xa0,0xb0,VM_USB_ATTACH_BEGIN,A0 transport ACK; echo/status metadata present,OBSERVED
51,50,2026-08-22T20:56:43.669078Z,122.824,1,2,0x0009,BULK_OR_INTERRUPT_TRANSFER,0x00000000,USBD_STATUS_SUCCESS,3:BULK,0x81,DEVICE_TO_HOST,0x00,SUBMISSION,0,none,,VM_USB_ATTACH_BEGIN,bulk_or_interrupt_transfer with no captured data,OBSERVED
52,51,2026-08-22T20:56:43.669632Z,123.378,1,2,0x0009,BULK_OR_INTERRUPT_TRANSFER,0x00000000,USBD_STATUS_SUCCESS,3:BULK,0x81,DEVICE_TO_HOST,0x01,COMPLETION,30,0xa0,0xa8,VM_USB_ATTACH_BEGIN,firmware version query,OBSERVED
53,52,2026-08-22T20:56:43.669851Z,123.597,1,2,0x0009,BULK_OR_INTERRUPT_TRANSFER,0x00000000,USBD_STATUS_SUCCESS,3:BULK,0x81,DEVICE_TO_HOST,0x00,SUBMISSION,0,none,,VM_USB_ATTACH_BEGIN,bulk_or_interrupt_transfer with no captured data,OBSERVED
54,53,2026-08-22T20:56:43.675410Z,129.156,1,2,0x0009,BULK_OR_INTERRUPT_TRANSFER,0x00000000,USBD_STATUS_SUCCESS,3:BULK,0x01,HOST_TO_DEVICE,0x00,SUBMISSION,64,0xa0,0xe4,VM_USB_ATTACH_BEGIN,bounded production read selector,OBSERVED
55,54,2026-08-22T20:56:43.675913Z,129.659,1,2,0x0009,BULK_OR_INTERRUPT_TRANSFER,0x00000000,USBD_STATUS_SUCCESS,3:BULK,0x01,HOST_TO_DEVICE,0x01,COMPLETION,0,none,,VM_USB_ATTACH_BEGIN,bulk_or_interrupt_transfer with no captured data,OBSERVED
56,55,2026-08-22T20:56:43.675948Z,129.694,1,2,0x0009,BULK_OR_INTERRUPT_TRANSFER,0x00000000,USBD_STATUS_SUCCESS,3:BULK,0x81,DEVICE_TO_HOST,0x01,COMPLETION,10,0xa0,0xb0,VM_USB_ATTACH_BEGIN,A0 transport ACK; echo/status metadata present,OBSERVED
57,56,2026-08-22T20:56:43.676262Z,130.008,1,2,0x0009,BULK_OR_INTERRUPT_TRANSFER,0x00000000,USBD_STATUS_SUCCESS,3:BULK,0x81,DEVICE_TO_HOST,0x00,SUBMISSION,0,none,,VM_USB_ATTACH_BEGIN,bulk_or_interrupt_transfer with no captured data,OBSERVED
58,57,2026-08-22T20:56:43.677409Z,131.155,1,2,0x0009,BULK_OR_INTERRUPT_TRANSFER,0x00000000,USBD_STATUS_SUCCESS,3:BULK,0x81,DEVICE_TO_HOST,0x01,COMPLETION,49,0xa0,0xe4,VM_USB_ATTACH_BEGIN,bounded production read selector,OBSERVED
59,58,2026-08-22T20:56:43.677669Z,131.415,1,2,0x0009,BULK_OR_INTERRUPT_TRANSFER,0x00000000,USBD_STATUS_SUCCESS,3:BULK,0x81,DEVICE_TO_HOST,0x00,SUBMISSION,0,none,,VM_USB_ATTACH_BEGIN,bulk_or_interrupt_transfer with no captured data,OBSERVED
60,59,2026-08-22T20:56:43.678098Z,131.844,1,2,0x0009,BULK_OR_INTERRUPT_TRANSFER,0x00000000,USBD_STATUS_SUCCESS,3:BULK,0x01,HOST_TO_DEVICE,0x00,SUBMISSION,64,0xa0,0xa2,VM_USB_ATTACH_BEGIN,sensor reset family,OBSERVED
61,60,2026-08-22T20:56:43.678429Z,132.175,1,2,0x0009,BULK_OR_INTERRUPT_TRANSFER,0x00000000,USBD_STATUS_SUCCESS,3:BULK,0x01,HOST_TO_DEVICE,0x01,COMPLETION,0,none,,VM_USB_ATTACH_BEGIN,bulk_or_interrupt_transfer with no captured data,OBSERVED
62,61,2026-08-22T20:56:43.678461Z,132.207,1,2,0x0009,BULK_OR_INTERRUPT_TRANSFER,0x00000000,USBD_STATUS_SUCCESS,3:BULK,0x81,DEVICE_TO_HOST,0x01,COMPLETION,10,0xa0,0xb0,VM_USB_ATTACH_BEGIN,A0 transport ACK; echo/status metadata present,OBSERVED
63,62,2026-08-22T20:56:43.678628Z,132.374,1,2,0x0009,BULK_OR_INTERRUPT_TRANSFER,0x00000000,USBD_STATUS_SUCCESS,3:BULK,0x81,DEVICE_TO_HOST,0x00,SUBMISSION,0,none,,VM_USB_ATTACH_BEGIN,bulk_or_interrupt_transfer with no captured data,OBSERVED
64,63,2026-08-22T20:56:43.705394Z,159.140,1,2,0x0009,BULK_OR_INTERRUPT_TRANSFER,0x00000000,USBD_STATUS_SUCCESS,3:BULK,0x81,DEVICE_TO_HOST,0x01,COMPLETION,11,0xa0,0xa2,VM_USB_ATTACH_BEGIN,sensor reset family,OBSERVED
65,64,2026-08-22T20:56:43.706548Z,160.294,1,2,0x0009,BULK_OR_INTERRUPT_TRANSFER,0x00000000,USBD_STATUS_SUCCESS,3:BULK,0x81,DEVICE_TO_HOST,0x00,SUBMISSION,0,none,,VM_USB_ATTACH_BEGIN,bulk_or_interrupt_transfer with no captured data,OBSERVED
66,65,2026-08-22T20:56:43.715724Z,169.470,1,2,0x0009,BULK_OR_INTERRUPT_TRANSFER,0x00000000,USBD_STATUS_SUCCESS,3:BULK,0x01,HOST_TO_DEVICE,0x00,SUBMISSION,64,0xa0,0x82,VM_USB_ATTACH_BEGIN,bounded chip register read,OBSERVED
67,66,2026-08-22T20:56:43.716400Z,170.146,1,2,0x0009,BULK_OR_INTERRUPT_TRANSFER,0x00000000,USBD_STATUS_SUCCESS,3:BULK,0x01,HOST_TO_DEVICE,0x01,COMPLETION,0,none,,VM_USB_ATTACH_BEGIN,bulk_or_interrupt_transfer with no captured data,OBSERVED
68,67,2026-08-22T20:56:43.716486Z,170.232,1,2,0x0009,BULK_OR_INTERRUPT_TRANSFER,0x00000000,USBD_STATUS_SUCCESS,3:BULK,0x81,DEVICE_TO_HOST,0x01,COMPLETION,10,0xa0,0xb0,VM_USB_ATTACH_BEGIN,A0 transport ACK; echo/status metadata present,OBSERVED
69,68,2026-08-22T20:56:43.717506Z,171.252,1,2,0x0009,BULK_OR_INTERRUPT_TRANSFER,0x00000000,USBD_STATUS_SUCCESS,3:BULK,0x81,DEVICE_TO_HOST,0x00,SUBMISSION,0,none,,VM_USB_ATTACH_BEGIN,bulk_or_interrupt_transfer with no captured data,OBSERVED
70,69,2026-08-22T20:56:43.718220Z,171.966,1,2,0x0009,BULK_OR_INTERRUPT_TRANSFER,0x00000000,USBD_STATUS_SUCCESS,3:BULK,0x81,DEVICE_TO_HOST,0x01,COMPLETION,12,0xa0,0x82,VM_USB_ATTACH_BEGIN,bounded chip register read,OBSERVED
71,70,2026-08-22T20:56:43.719390Z,173.136,1,2,0x0009,BULK_OR_INTERRUPT_TRANSFER,0x00000000,USBD_STATUS_SUCCESS,3:BULK,0x01,HOST_TO_DEVICE,0x00,SUBMISSION,64,0xa0,0xa6,VM_USB_ATTACH_BEGIN,bounded OTP/factory read,OBSERVED
72,71,2026-08-22T20:56:43.719971Z,173.717,1,2,0x0009,BULK_OR_INTERRUPT_TRANSFER,0x00000000,USBD_STATUS_SUCCESS,3:BULK,0x01,HOST_TO_DEVICE,0x01,COMPLETION,0,none,,VM_USB_ATTACH_BEGIN,bulk_or_interrupt_transfer with no captured data,OBSERVED
73,72,2026-08-22T20:56:43.720266Z,174.012,1,2,0x0009,BULK_OR_INTERRUPT_TRANSFER,0x00000000,USBD_STATUS_SUCCESS,3:BULK,0x81,DEVICE_TO_HOST,0x00,SUBMISSION,0,none,,VM_USB_ATTACH_BEGIN,bulk_or_interrupt_transfer with no captured data,OBSERVED
74,73,2026-08-22T20:56:43.720771Z,174.517,1,2,0x0009,BULK_OR_INTERRUPT_TRANSFER,0x00000000,USBD_STATUS_SUCCESS,3:BULK,0x81,DEVICE_TO_HOST,0x01,COMPLETION,10,0xa0,0xb0,VM_USB_ATTACH_BEGIN,A0 transport ACK; echo/status metadata present,OBSERVED
75,74,2026-08-22T20:56:43.721170Z,174.916,1,2,0x0009,BULK_OR_INTERRUPT_TRANSFER,0x00000000,USBD_STATUS_SUCCESS,3:BULK,0x81,DEVICE_TO_HOST,0x00,SUBMISSION,0,none,,VM_USB_ATTACH_BEGIN,bulk_or_interrupt_transfer with no captured data,OBSERVED
76,75,2026-08-22T20:56:43.736881Z,190.627,1,2,0x0009,BULK_OR_INTERRUPT_TRANSFER,0x00000000,USBD_STATUS_SUCCESS,3:BULK,0x81,DEVICE_TO_HOST,0x01,COMPLETION,72,0xa0,0xa6,VM_USB_ATTACH_BEGIN,bounded OTP/factory read,OBSERVED
77,76,2026-08-22T20:56:43.737643Z,191.389,1,2,0x0009,BULK_OR_INTERRUPT_TRANSFER,0x00000000,USBD_STATUS_SUCCESS,3:BULK,0x81,DEVICE_TO_HOST,0x00,SUBMISSION,0,none,,VM_USB_ATTACH_BEGIN,bulk_or_interrupt_transfer with no captured data,OBSERVED
78,77,2026-08-22T20:56:43.747073Z,200.819,1,2,0x0009,BULK_OR_INTERRUPT_TRANSFER,0x00000000,USBD_STATUS_SUCCESS,3:BULK,0x01,HOST_TO_DEVICE,0x00,SUBMISSION,64,0xa0,0xa2,VM_USB_ATTACH_BEGIN,sensor reset family,OBSERVED
79,78,2026-08-22T20:56:43.747946Z,201.692,1,2,0x0009,BULK_OR_INTERRUPT_TRANSFER,0x00000000,USBD_STATUS_SUCCESS,3:BULK,0x01,HOST_TO_DEVICE,0x01,COMPLETION,0,none,,VM_USB_ATTACH_BEGIN,bulk_or_interrupt_transfer with no captured data,OBSERVED
80,79,2026-08-22T20:56:43.748028Z,201.774,1,2,0x0009,BULK_OR_INTERRUPT_TRANSFER,0x00000000,USBD_STATUS_SUCCESS,3:BULK,0x81,DEVICE_TO_HOST,0x01,COMPLETION,10,0xa0,0xb0,VM_USB_ATTACH_BEGIN,A0 transport ACK; echo/status metadata present,OBSERVED
81,80,2026-08-22T20:56:43.748844Z,202.590,1,2,0x0009,BULK_OR_INTERRUPT_TRANSFER,0x00000000,USBD_STATUS_SUCCESS,3:BULK,0x81,DEVICE_TO_HOST,0x00,SUBMISSION,0,none,,VM_USB_ATTACH_BEGIN,bulk_or_interrupt_transfer with no captured data,OBSERVED
82,81,2026-08-22T20:56:43.774850Z,228.596,1,2,0x0009,BULK_OR_INTERRUPT_TRANSFER,0x00000000,USBD_STATUS_SUCCESS,3:BULK,0x81,DEVICE_TO_HOST,0x01,COMPLETION,11,0xa0,0xa2,VM_USB_ATTACH_BEGIN,sensor reset family,OBSERVED
83,82,2026-08-22T20:56:43.775800Z,229.546,1,2,0x0009,BULK_OR_INTERRUPT_TRANSFER,0x00000000,USBD_STATUS_SUCCESS,3:BULK,0x01,HOST_TO_DEVICE,0x00,SUBMISSION,64,0xa0,0x70,VM_USB_ATTACH_BEGIN,set-mode idle,OBSERVED
84,83,2026-08-22T20:56:43.776818Z,230.564,1,2,0x0009,BULK_OR_INTERRUPT_TRANSFER,0x00000000,USBD_STATUS_SUCCESS,3:BULK,0x01,HOST_TO_DEVICE,0x01,COMPLETION,0,none,,VM_USB_ATTACH_BEGIN,bulk_or_interrupt_transfer with no captured data,OBSERVED
85,84,2026-08-22T20:56:43.777248Z,230.994,1,2,0x0009,BULK_OR_INTERRUPT_TRANSFER,0x00000000,USBD_STATUS_SUCCESS,3:BULK,0x81,DEVICE_TO_HOST,0x00,SUBMISSION,0,none,,VM_USB_ATTACH_BEGIN,bulk_or_interrupt_transfer with no captured data,OBSERVED
86,85,2026-08-22T20:56:43.778860Z,232.606,1,2,0x0009,BULK_OR_INTERRUPT_TRANSFER,0x00000000,USBD_STATUS_SUCCESS,3:BULK,0x81,DEVICE_TO_HOST,0x01,COMPLETION,10,0xa0,0xb0,VM_USB_ATTACH_BEGIN,A0 transport ACK; echo/status metadata present,OBSERVED
87,86,2026-08-22T20:56:43.781768Z,235.514,1,2,0x0009,BULK_OR_INTERRUPT_TRANSFER,0x00000000,USBD_STATUS_SUCCESS,3:BULK,0x81,DEVICE_TO_HOST,0x00,SUBMISSION,0,none,,VM_USB_ATTACH_BEGIN,bulk_or_interrupt_transfer with no captured data,OBSERVED
88,87,2026-08-22T20:56:43.810522Z,264.268,1,2,0x0009,BULK_OR_INTERRUPT_TRANSFER,0x00000000,USBD_STATUS_SUCCESS,3:BULK,0x01,HOST_TO_DEVICE,0x00,SUBMISSION,64,0xa0,0x80,VM_USB_ATTACH_BEGIN,chip register write,OBSERVED
89,88,2026-08-22T20:56:43.819199Z,272.945,1,2,0x0009,BULK_OR_INTERRUPT_TRANSFER,0x00000000,USBD_STATUS_SUCCESS,3:BULK,0x01,HOST_TO_DEVICE,0x01,COMPLETION,0,none,,VM_USB_ATTACH_BEGIN,bulk_or_interrupt_transfer with no captured data,OBSERVED
90,89,2026-08-22T20:56:43.819297Z,273.043,1,2,0x0009,BULK_OR_INTERRUPT_TRANSFER,0x00000000,USBD_STATUS_SUCCESS,3:BULK,0x81,DEVICE_TO_HOST,0x01,COMPLETION,10,0xa0,0xb0,VM_USB_ATTACH_BEGIN,A0 transport ACK; echo/status metadata present,OBSERVED
91,90,2026-08-22T20:56:43.820011Z,273.757,1,2,0x0009,BULK_OR_INTERRUPT_TRANSFER,0x00000000,USBD_STATUS_SUCCESS,3:BULK,0x01,HOST_TO_DEVICE,0x00,SUBMISSION,64,0xa0,0x80,VM_USB_ATTACH_BEGIN,chip register write,OBSERVED
92,91,2026-08-22T20:56:43.820323Z,274.069,1,2,0x0009,BULK_OR_INTERRUPT_TRANSFER,0x00000000,USBD_STATUS_SUCCESS,3:BULK,0x01,HOST_TO_DEVICE,0x01,COMPLETION,0,none,,VM_USB_ATTACH_BEGIN,bulk_or_interrupt_transfer with no captured data,OBSERVED
93,92,2026-08-22T20:56:43.820544Z,274.290,1,2,0x0009,BULK_OR_INTERRUPT_TRANSFER,0x00000000,USBD_STATUS_SUCCESS,3:BULK,0x81,DEVICE_TO_HOST,0x00,SUBMISSION,0,none,,VM_USB_ATTACH_BEGIN,bulk_or_interrupt_transfer with no captured data,OBSERVED
94,93,2026-08-22T20:56:43.820892Z,274.638,1,2,0x0009,BULK_OR_INTERRUPT_TRANSFER,0x00000000,USBD_STATUS_SUCCESS,3:BULK,0x81,DEVICE_TO_HOST,0x01,COMPLETION,10,0xa0,0xb0,VM_USB_ATTACH_BEGIN,A0 transport ACK; echo/status metadata present,OBSERVED
95,94,2026-08-22T20:56:43.821175Z,274.921,1,2,0x0009,BULK_OR_INTERRUPT_TRANSFER,0x00000000,USBD_STATUS_SUCCESS,3:BULK,0x81,DEVICE_TO_HOST,0x00,SUBMISSION,0,none,,VM_USB_ATTACH_BEGIN,bulk_or_interrupt_transfer with no captured data,OBSERVED
96,95,2026-08-22T20:56:43.841994Z,295.740,1,2,0x0009,BULK_OR_INTERRUPT_TRANSFER,0x00000000,USBD_STATUS_SUCCESS,3:BULK,0x01,HOST_TO_DEVICE,0x00,SUBMISSION,64,0xa0,0x80,VM_USB_ATTACH_BEGIN,chip register write,OBSERVED
97,96,2026-08-22T20:56:43.842661Z,296.407,1,2,0x0009,BULK_OR_INTERRUPT_TRANSFER,0x00000000,USBD_STATUS_SUCCESS,3:BULK,0x01,HOST_TO_DEVICE,0x01,COMPLETION,0,none,,VM_USB_ATTACH_BEGIN,bulk_or_interrupt_transfer with no captured data,OBSERVED
98,97,2026-08-22T20:56:43.842697Z,296.443,1,2,0x0009,BULK_OR_INTERRUPT_TRANSFER,0x00000000,USBD_STATUS_SUCCESS,3:BULK,0x81,DEVICE_TO_HOST,0x01,COMPLETION,10,0xa0,0xb0,VM_USB_ATTACH_BEGIN,A0 transport ACK; echo/status metadata present,OBSERVED
99,98,2026-08-22T20:56:43.843283Z,297.029,1,2,0x0009,BULK_OR_INTERRUPT_TRANSFER,0x00000000,USBD_STATUS_SUCCESS,3:BULK,0x01,HOST_TO_DEVICE,0x00,SUBMISSION,64,0xa0,0x80,VM_USB_ATTACH_BEGIN,chip register write,OBSERVED
100,99,2026-08-22T20:56:43.843542Z,297.288,1,2,0x0009,BULK_OR_INTERRUPT_TRANSFER,0x00000000,USBD_STATUS_SUCCESS,3:BULK,0x01,HOST_TO_DEVICE,0x01,COMPLETION,0,none,,VM_USB_ATTACH_BEGIN,bulk_or_interrupt_transfer with no captured data,OBSERVED
101,100,2026-08-22T20:56:43.843720Z,297.466,1,2,0x0009,BULK_OR_INTERRUPT_TRANSFER,0x00000000,USBD_STATUS_SUCCESS,3:BULK,0x81,DEVICE_TO_HOST,0x00,SUBMISSION,0,none,,VM_USB_ATTACH_BEGIN,bulk_or_interrupt_transfer with no captured data,OBSERVED
102,101,2026-08-22T20:56:43.844018Z,297.764,1,2,0x0009,BULK_OR_INTERRUPT_TRANSFER,0x00000000,USBD_STATUS_SUCCESS,3:BULK,0x81,DEVICE_TO_HOST,0x01,COMPLETION,10,0xa0,0xb0,VM_USB_ATTACH_BEGIN,A0 transport ACK; echo/status metadata present,OBSERVED
103,102,2026-08-22T20:56:43.844296Z,298.042,1,2,0x0009,BULK_OR_INTERRUPT_TRANSFER,0x00000000,USBD_STATUS_SUCCESS,3:BULK,0x81,DEVICE_TO_HOST,0x00,SUBMISSION,0,none,,VM_USB_ATTACH_BEGIN,bulk_or_interrupt_transfer with no captured data,OBSERVED
104,103,2026-08-22T20:56:43.888852Z,342.598,1,2,0x0009,BULK_OR_INTERRUPT_TRANSFER,0x00000000,USBD_STATUS_SUCCESS,3:BULK,0x01,HOST_TO_DEVICE,0x00,SUBMISSION,64,0xa0,0x90,VM_USB_ATTACH_BEGIN,volatile device configuration download,OBSERVED
105,104,2026-08-22T20:56:43.890009Z,343.755,1,2,0x0009,BULK_OR_INTERRUPT_TRANSFER,0x00000000,USBD_STATUS_SUCCESS,3:BULK,0x01,HOST_TO_DEVICE,0x01,COMPLETION,0,none,,VM_USB_ATTACH_BEGIN,bulk_or_interrupt_transfer with no captured data,OBSERVED
106,105,2026-08-22T20:56:43.890528Z,344.274,1,2,0x0009,BULK_OR_INTERRUPT_TRANSFER,0x00000000,USBD_STATUS_SUCCESS,3:BULK,0x01,HOST_TO_DEVICE,0x00,SUBMISSION,64,none,,VM_USB_ATTACH_BEGIN,bulk_or_interrupt_transfer,OBSERVED
107,106,2026-08-22T20:56:43.891120Z,344.866,1,2,0x0009,BULK_OR_INTERRUPT_TRANSFER,0x00000000,USBD_STATUS_SUCCESS,3:BULK,0x01,HOST_TO_DEVICE,0x01,COMPLETION,0,none,,VM_USB_ATTACH_BEGIN,bulk_or_interrupt_transfer with no captured data,OBSERVED
108,107,2026-08-22T20:56:43.891518Z,345.264,1,2,0x0009,BULK_OR_INTERRUPT_TRANSFER,0x00000000,USBD_STATUS_SUCCESS,3:BULK,0x01,HOST_TO_DEVICE,0x00,SUBMISSION,64,none,,VM_USB_ATTACH_BEGIN,bulk_or_interrupt_transfer,OBSERVED
109,108,2026-08-22T20:56:43.892117Z,345.863,1,2,0x0009,BULK_OR_INTERRUPT_TRANSFER,0x00000000,USBD_STATUS_SUCCESS,3:BULK,0x01,HOST_TO_DEVICE,0x01,COMPLETION,0,none,,VM_USB_ATTACH_BEGIN,bulk_or_interrupt_transfer with no captured data,OBSERVED
110,109,2026-08-22T20:56:43.892494Z,346.240,1,2,0x0009,BULK_OR_INTERRUPT_TRANSFER,0x00000000,USBD_STATUS_SUCCESS,3:BULK,0x01,HOST_TO_DEVICE,0x00,SUBMISSION,64,none,,VM_USB_ATTACH_BEGIN,bulk_or_interrupt_transfer,OBSERVED
111,110,2026-08-22T20:56:43.892991Z,346.737,1,2,0x0009,BULK_OR_INTERRUPT_TRANSFER,0x00000000,USBD_STATUS_SUCCESS,3:BULK,0x01,HOST_TO_DEVICE,0x01,COMPLETION,0,none,,VM_USB_ATTACH_BEGIN,bulk_or_interrupt_transfer with no captured data,OBSERVED
112,111,2026-08-22T20:56:43.893160Z,346.906,1,2,0x0009,BULK_OR_INTERRUPT_TRANSFER,0x00000000,USBD_STATUS_SUCCESS,3:BULK,0x81,DEVICE_TO_HOST,0x01,COMPLETION,10,0xa0,0xb0,VM_USB_ATTACH_BEGIN,A0 transport ACK; echo/status metadata present,OBSERVED
113,112,2026-08-22T20:56:43.894073Z,347.819,1,2,0x0009,BULK_OR_INTERRUPT_TRANSFER,0x00000000,USBD_STATUS_SUCCESS,3:BULK,0x81,DEVICE_TO_HOST,0x00,SUBMISSION,0,none,,VM_USB_ATTACH_BEGIN,bulk_or_interrupt_transfer with no captured data,OBSERVED
114,113,2026-08-22T20:56:43.894735Z,348.481,1,2,0x0009,BULK_OR_INTERRUPT_TRANSFER,0x00000000,USBD_STATUS_SUCCESS,3:BULK,0x81,DEVICE_TO_HOST,0x01,COMPLETION,10,0xa0,0x90,VM_USB_ATTACH_BEGIN,volatile device configuration download,OBSERVED
115,114,2026-08-22T20:56:43.899230Z,352.976,1,2,0x0009,BULK_OR_INTERRUPT_TRANSFER,0x00000000,USBD_STATUS_SUCCESS,3:BULK,0x01,HOST_TO_DEVICE,0x00,SUBMISSION,64,0xa0,0xd1,VM_USB_ATTACH_BEGIN,TLS transition,OBSERVED
116,115,2026-08-22T20:56:43.900321Z,354.067,1,2,0x0009,BULK_OR_INTERRUPT_TRANSFER,0x00000000,USBD_STATUS_SUCCESS,3:BULK,0x01,HOST_TO_DEVICE,0x01,COMPLETION,0,none,,VM_USB_ATTACH_BEGIN,bulk_or_interrupt_transfer with no captured data,OBSERVED
117,116,2026-08-22T20:56:43.900774Z,354.520,1,2,0x0009,BULK_OR_INTERRUPT_TRANSFER,0x00000000,USBD_STATUS_SUCCESS,3:BULK,0x81,DEVICE_TO_HOST,0x00,SUBMISSION,0,none,,VM_USB_ATTACH_BEGIN,bulk_or_interrupt_transfer with no captured data,OBSERVED
118,117,2026-08-22T20:56:43.901793Z,355.539,1,2,0x0009,BULK_OR_INTERRUPT_TRANSFER,0x00000000,USBD_STATUS_SUCCESS,3:BULK,0x81,DEVICE_TO_HOST,0x01,COMPLETION,56,0xb0,,VM_USB_ATTACH_BEGIN,B0 TLS/application byte-stream fragment,OBSERVED
119,118,2026-08-22T20:56:43.903000Z,356.746,1,2,0x0009,BULK_OR_INTERRUPT_TRANSFER,0x00000000,USBD_STATUS_SUCCESS,3:BULK,0x01,HOST_TO_DEVICE,0x00,SUBMISSION,64,0xb0,,VM_USB_ATTACH_BEGIN,B0 TLS/application byte-stream fragment,OBSERVED
120,119,2026-08-22T20:56:43.903549Z,357.295,1,2,0x0009,BULK_OR_INTERRUPT_TRANSFER,0x00000000,USBD_STATUS_SUCCESS,3:BULK,0x01,HOST_TO_DEVICE,0x01,COMPLETION,0,none,,VM_USB_ATTACH_BEGIN,bulk_or_interrupt_transfer with no captured data,OBSERVED
121,120,2026-08-22T20:56:43.904546Z,358.292,1,2,0x0009,BULK_OR_INTERRUPT_TRANSFER,0x00000000,USBD_STATUS_SUCCESS,3:BULK,0x01,HOST_TO_DEVICE,0x00,SUBMISSION,64,none,,VM_USB_ATTACH_BEGIN,bulk_or_interrupt_transfer,OBSERVED
122,121,2026-08-22T20:56:43.904927Z,358.673,1,2,0x0009,BULK_OR_INTERRUPT_TRANSFER,0x00000000,USBD_STATUS_SUCCESS,3:BULK,0x01,HOST_TO_DEVICE,0x01,COMPLETION,0,none,,VM_USB_ATTACH_BEGIN,bulk_or_interrupt_transfer with no captured data,OBSERVED
123,122,2026-08-22T20:56:43.920814Z,374.560,1,2,0x0009,BULK_OR_INTERRUPT_TRANSFER,0x00000000,USBD_STATUS_SUCCESS,3:BULK,0x01,HOST_TO_DEVICE,0x00,SUBMISSION,64,0xb0,,VM_USB_ATTACH_BEGIN,B0 TLS/application byte-stream fragment,OBSERVED
124,123,2026-08-22T20:56:43.921495Z,375.241,1,2,0x0009,BULK_OR_INTERRUPT_TRANSFER,0x00000000,USBD_STATUS_SUCCESS,3:BULK,0x01,HOST_TO_DEVICE,0x01,COMPLETION,0,none,,VM_USB_ATTACH_BEGIN,bulk_or_interrupt_transfer with no captured data,OBSERVED
125,124,2026-08-22T20:56:43.936837Z,390.583,1,2,0x0009,BULK_OR_INTERRUPT_TRANSFER,0x00000000,USBD_STATUS_SUCCESS,3:BULK,0x81,DEVICE_TO_HOST,0x00,SUBMISSION,0,none,,VM_USB_ATTACH_BEGIN,bulk_or_interrupt_transfer with no captured data,OBSERVED
126,125,2026-08-22T20:56:43.937580Z,391.326,1,2,0x0009,BULK_OR_INTERRUPT_TRANSFER,0x00000000,USBD_STATUS_SUCCESS,3:BULK,0x81,DEVICE_TO_HOST,0x01,COMPLETION,30,0xb0,,VM_USB_ATTACH_BEGIN,B0 TLS/application byte-stream fragment,OBSERVED
127,126,2026-08-22T20:56:43.938645Z,392.391,1,2,0x0009,BULK_OR_INTERRUPT_TRANSFER,0x00000000,USBD_STATUS_SUCCESS,3:BULK,0x81,DEVICE_TO_HOST,0x00,SUBMISSION,0,none,,VM_USB_ATTACH_BEGIN,bulk_or_interrupt_transfer with no captured data,OBSERVED
128,127,2026-08-22T20:56:43.947071Z,400.817,1,2,0x0009,BULK_OR_INTERRUPT_TRANSFER,0x00000000,USBD_STATUS_SUCCESS,3:BULK,0x81,DEVICE_TO_HOST,0x01,COMPLETION,10,0xb0,,VM_USB_ATTACH_BEGIN,B0 TLS/application byte-stream fragment,OBSERVED
129,128,2026-08-22T20:56:43.947882Z,401.628,1,2,0x0009,BULK_OR_INTERRUPT_TRANSFER,0x00000000,USBD_STATUS_SUCCESS,3:BULK,0x81,DEVICE_TO_HOST,0x00,SUBMISSION,0,none,,VM_USB_ATTACH_BEGIN,bulk_or_interrupt_transfer with no captured data,OBSERVED
130,129,2026-08-22T20:56:43.949555Z,403.301,1,2,0x0009,BULK_OR_INTERRUPT_TRANSFER,0x00000000,USBD_STATUS_SUCCESS,3:BULK,0x81,DEVICE_TO_HOST,0x01,COMPLETION,49,0xb0,,VM_USB_ATTACH_BEGIN,B0 TLS/application byte-stream fragment,OBSERVED
131,130,2026-08-22T20:56:43.950175Z,403.921,1,2,0x0009,BULK_OR_INTERRUPT_TRANSFER,0x00000000,USBD_STATUS_SUCCESS,3:BULK,0x01,HOST_TO_DEVICE,0x00,SUBMISSION,64,0xb0,,VM_USB_ATTACH_BEGIN,B0 TLS/application byte-stream fragment,OBSERVED
132,131,2026-08-22T20:56:43.950765Z,404.511,1,2,0x0009,BULK_OR_INTERRUPT_TRANSFER,0x00000000,USBD_STATUS_SUCCESS,3:BULK,0x01,HOST_TO_DEVICE,0x01,COMPLETION,0,none,,VM_USB_ATTACH_BEGIN,bulk_or_interrupt_transfer with no captured data,OBSERVED
133,132,2026-08-22T20:56:44.016557Z,470.303,1,2,0x0009,BULK_OR_INTERRUPT_TRANSFER,0x00000000,USBD_STATUS_SUCCESS,3:BULK,0x01,HOST_TO_DEVICE,0x00,SUBMISSION,64,0xb0,,VM_USB_ATTACH_BEGIN,B0 TLS/application byte-stream fragment,OBSERVED
134,133,2026-08-22T20:56:44.017187Z,470.933,1,2,0x0009,BULK_OR_INTERRUPT_TRANSFER,0x00000000,USBD_STATUS_SUCCESS,3:BULK,0x01,HOST_TO_DEVICE,0x01,COMPLETION,0,none,,VM_USB_ATTACH_BEGIN,bulk_or_interrupt_transfer with no captured data,OBSERVED
135,134,2026-08-22T20:56:44.033083Z,486.829,1,2,0x0009,BULK_OR_INTERRUPT_TRANSFER,0x00000000,USBD_STATUS_SUCCESS,3:BULK,0x81,DEVICE_TO_HOST,0x00,SUBMISSION,0,none,,VM_USB_ATTACH_BEGIN,bulk_or_interrupt_transfer with no captured data,OBSERVED
136,135,2026-08-22T20:56:44.064291Z,518.037,1,2,0x0009,BULK_OR_INTERRUPT_TRANSFER,0x00000000,USBD_STATUS_SUCCESS,3:BULK,0x01,HOST_TO_DEVICE,0x00,SUBMISSION,64,0xa0,0xd4,VM_USB_ATTACH_BEGIN,volatile session initialization,OBSERVED
137,136,2026-08-22T20:56:44.064918Z,518.664,1,2,0x0009,BULK_OR_INTERRUPT_TRANSFER,0x00000000,USBD_STATUS_SUCCESS,3:BULK,0x01,HOST_TO_DEVICE,0x01,COMPLETION,0,none,,VM_USB_ATTACH_BEGIN,bulk_or_interrupt_transfer with no captured data,OBSERVED
138,137,2026-08-22T20:56:44.064967Z,518.713,1,2,0x0009,BULK_OR_INTERRUPT_TRANSFER,0x00000000,USBD_STATUS_SUCCESS,3:BULK,0x81,DEVICE_TO_HOST,0x01,COMPLETION,10,0xa0,0xb0,VM_USB_ATTACH_BEGIN,A0 transport ACK; echo/status metadata present,OBSERVED
139,138,2026-08-22T20:56:44.065347Z,519.093,1,2,0x0009,BULK_OR_INTERRUPT_TRANSFER,0x00000000,USBD_STATUS_SUCCESS,3:BULK,0x81,DEVICE_TO_HOST,0x00,SUBMISSION,0,none,,VM_USB_ATTACH_BEGIN,bulk_or_interrupt_transfer with no captured data,OBSERVED
140,139,2026-08-22T20:56:44.143006Z,596.752,1,2,0x0009,BULK_OR_INTERRUPT_TRANSFER,0x00000000,USBD_STATUS_SUCCESS,3:BULK,0x01,HOST_TO_DEVICE,0x00,SUBMISSION,64,0xa0,0xaf,VM_USB_ATTACH_BEGIN,MCU state query wire coordinate,OBSERVED
141,140,2026-08-22T20:56:44.144662Z,598.408,1,2,0x0009,BULK_OR_INTERRUPT_TRANSFER,0x00000000,USBD_STATUS_SUCCESS,3:BULK,0x01,HOST_TO_DEVICE,0x01,COMPLETION,0,none,,VM_USB_ATTACH_BEGIN,bulk_or_interrupt_transfer with no captured data,OBSERVED
142,141,2026-08-22T20:56:44.144759Z,598.505,1,2,0x0009,BULK_OR_INTERRUPT_TRANSFER,0x00000000,USBD_STATUS_SUCCESS,3:BULK,0x81,DEVICE_TO_HOST,0x01,COMPLETION,24,0xa0,0xae,VM_USB_ATTACH_BEGIN,MCU state response,OBSERVED
143,142,2026-08-22T20:56:44.146639Z,600.385,1,2,0x0009,BULK_OR_INTERRUPT_TRANSFER,0x00000000,USBD_STATUS_SUCCESS,3:BULK,0x01,HOST_TO_DEVICE,0x00,SUBMISSION,64,0xa0,0x36,VM_USB_ATTACH_BEGIN,manual no-finger FDT baseline sample,OBSERVED
144,143,2026-08-22T20:56:44.147120Z,600.866,1,2,0x0009,BULK_OR_INTERRUPT_TRANSFER,0x00000000,USBD_STATUS_SUCCESS,3:BULK,0x01,HOST_TO_DEVICE,0x01,COMPLETION,0,none,,VM_USB_ATTACH_BEGIN,bulk_or_interrupt_transfer with no captured data,OBSERVED
145,144,2026-08-22T20:56:44.147444Z,601.190,1,2,0x0009,BULK_OR_INTERRUPT_TRANSFER,0x00000000,USBD_STATUS_SUCCESS,3:BULK,0x81,DEVICE_TO_HOST,0x00,SUBMISSION,0,none,,VM_USB_ATTACH_BEGIN,bulk_or_interrupt_transfer with no captured data,OBSERVED
146,145,2026-08-22T20:56:44.147949Z,601.695,1,2,0x0009,BULK_OR_INTERRUPT_TRANSFER,0x00000000,USBD_STATUS_SUCCESS,3:BULK,0x81,DEVICE_TO_HOST,0x01,COMPLETION,10,0xa0,0xb0,VM_USB_ATTACH_BEGIN,A0 transport ACK; echo/status metadata present,OBSERVED
147,146,2026-08-22T20:56:44.148441Z,602.187,1,2,0x0009,BULK_OR_INTERRUPT_TRANSFER,0x00000000,USBD_STATUS_SUCCESS,3:BULK,0x81,DEVICE_TO_HOST,0x00,SUBMISSION,0,none,,VM_USB_ATTACH_BEGIN,bulk_or_interrupt_transfer with no captured data,OBSERVED
148,147,2026-08-22T20:56:44.157664Z,611.410,1,2,0x0009,BULK_OR_INTERRUPT_TRANSFER,0x00000000,USBD_STATUS_SUCCESS,3:BULK,0x81,DEVICE_TO_HOST,0x01,COMPLETION,24,0xa0,0x36,VM_USB_ATTACH_BEGIN,manual no-finger FDT baseline sample,OBSERVED
149,148,2026-08-22T20:56:44.159166Z,612.912,1,2,0x0009,BULK_OR_INTERRUPT_TRANSFER,0x00000000,USBD_STATUS_SUCCESS,3:BULK,0x81,DEVICE_TO_HOST,0x00,SUBMISSION,0,none,,VM_USB_ATTACH_BEGIN,bulk_or_interrupt_transfer with no captured data,OBSERVED
150,149,2026-08-22T20:56:44.174128Z,627.874,1,2,0x0009,BULK_OR_INTERRUPT_TRANSFER,0x00000000,USBD_STATUS_SUCCESS,3:BULK,0x01,HOST_TO_DEVICE,0x00,SUBMISSION,64,0xa0,0x50,VM_USB_ATTACH_BEGIN,D230-known sensor/mode family; exact semantics unresolved,OBSERVED
151,150,2026-08-22T20:56:44.174660Z,628.406,1,2,0x0009,BULK_OR_INTERRUPT_TRANSFER,0x00000000,USBD_STATUS_SUCCESS,3:BULK,0x01,HOST_TO_DEVICE,0x01,COMPLETION,0,none,,VM_USB_ATTACH_BEGIN,bulk_or_interrupt_transfer with no captured data,OBSERVED
152,151,2026-08-22T20:56:44.174713Z,628.459,1,2,0x0009,BULK_OR_INTERRUPT_TRANSFER,0x00000000,USBD_STATUS_SUCCESS,3:BULK,0x81,DEVICE_TO_HOST,0x01,COMPLETION,10,0xa0,0xb0,VM_USB_ATTACH_BEGIN,A0 transport ACK; echo/status metadata present,OBSERVED
153,152,2026-08-22T20:56:44.174912Z,628.658,1,2,0x0009,BULK_OR_INTERRUPT_TRANSFER,0x00000000,USBD_STATUS_SUCCESS,3:BULK,0x81,DEVICE_TO_HOST,0x00,SUBMISSION,0,none,,VM_USB_ATTACH_BEGIN,bulk_or_interrupt_transfer with no captured data,OBSERVED
154,153,2026-08-22T20:56:44.192062Z,645.808,1,2,0x0009,BULK_OR_INTERRUPT_TRANSFER,0x00000000,USBD_STATUS_SUCCESS,3:BULK,0x81,DEVICE_TO_HOST,0x01,COMPLETION,2417,0xa0,0x50,VM_USB_ATTACH_BEGIN,D230-known sensor/mode family; exact semantics unresolved,OBSERVED
155,154,2026-08-22T20:56:44.193051Z,646.797,1,2,0x0009,BULK_OR_INTERRUPT_TRANSFER,0x00000000,USBD_STATUS_SUCCESS,3:BULK,0x01,HOST_TO_DEVICE,0x00,SUBMISSION,64,0xa0,0x36,VM_USB_ATTACH_BEGIN,manual no-finger FDT baseline sample,OBSERVED
156,155,2026-08-22T20:56:44.193628Z,647.374,1,2,0x0009,BULK_OR_INTERRUPT_TRANSFER,0x00000000,USBD_STATUS_SUCCESS,3:BULK,0x01,HOST_TO_DEVICE,0x01,COMPLETION,0,none,,VM_USB_ATTACH_BEGIN,bulk_or_interrupt_transfer with no captured data,OBSERVED
157,156,2026-08-22T20:56:44.194126Z,647.872,1,2,0x0009,BULK_OR_INTERRUPT_TRANSFER,0x00000000,USBD_STATUS_SUCCESS,3:BULK,0x81,DEVICE_TO_HOST,0x00,SUBMISSION,0,none,,VM_USB_ATTACH_BEGIN,bulk_or_interrupt_transfer with no captured data,OBSERVED
158,157,2026-08-22T20:56:44.194596Z,648.342,1,2,0x0009,BULK_OR_INTERRUPT_TRANSFER,0x00000000,USBD_STATUS_SUCCESS,3:BULK,0x81,DEVICE_TO_HOST,0x01,COMPLETION,10,0xa0,0xb0,VM_USB_ATTACH_BEGIN,A0 transport ACK; echo/status metadata present,OBSERVED
159,158,2026-08-22T20:56:44.194987Z,648.733,1,2,0x0009,BULK_OR_INTERRUPT_TRANSFER,0x00000000,USBD_STATUS_SUCCESS,3:BULK,0x81,DEVICE_TO_HOST,0x00,SUBMISSION,0,none,,VM_USB_ATTACH_BEGIN,bulk_or_interrupt_transfer with no captured data,OBSERVED
160,159,2026-08-22T20:56:44.204117Z,657.863,1,2,0x0009,BULK_OR_INTERRUPT_TRANSFER,0x00000000,USBD_STATUS_SUCCESS,3:BULK,0x81,DEVICE_TO_HOST,0x01,COMPLETION,24,0xa0,0x36,VM_USB_ATTACH_BEGIN,manual no-finger FDT baseline sample,OBSERVED
161,160,2026-08-22T20:56:44.205084Z,658.830,1,2,0x0009,BULK_OR_INTERRUPT_TRANSFER,0x00000000,USBD_STATUS_SUCCESS,3:BULK,0x81,DEVICE_TO_HOST,0x00,SUBMISSION,0,none,,VM_USB_ATTACH_BEGIN,bulk_or_interrupt_transfer with no captured data,OBSERVED
162,161,2026-08-22T20:56:44.223308Z,677.054,1,2,0x0009,BULK_OR_INTERRUPT_TRANSFER,0x00000000,USBD_STATUS_SUCCESS,3:BULK,0x01,HOST_TO_DEVICE,0x00,SUBMISSION,64,0xa0,0x82,VM_USB_ATTACH_BEGIN,bounded chip register read,OBSERVED
163,162,2026-08-22T20:56:44.224557Z,678.303,1,2,0x0009,BULK_OR_INTERRUPT_TRANSFER,0x00000000,USBD_STATUS_SUCCESS,3:BULK,0x01,HOST_TO_DEVICE,0x01,COMPLETION,0,none,,VM_USB_ATTACH_BEGIN,bulk_or_interrupt_transfer with no captured data,OBSERVED
164,163,2026-08-22T20:56:44.224631Z,678.377,1,2,0x0009,BULK_OR_INTERRUPT_TRANSFER,0x00000000,USBD_STATUS_SUCCESS,3:BULK,0x81,DEVICE_TO_HOST,0x01,COMPLETION,10,0xa0,0xb0,VM_USB_ATTACH_BEGIN,A0 transport ACK; echo/status metadata present,OBSERVED
165,164,2026-08-22T20:56:44.224912Z,678.658,1,2,0x0009,BULK_OR_INTERRUPT_TRANSFER,0x00000000,USBD_STATUS_SUCCESS,3:BULK,0x81,DEVICE_TO_HOST,0x00,SUBMISSION,0,none,,VM_USB_ATTACH_BEGIN,bulk_or_interrupt_transfer with no captured data,OBSERVED
166,165,2026-08-22T20:56:44.225506Z,679.252,1,2,0x0009,BULK_OR_INTERRUPT_TRANSFER,0x00000000,USBD_STATUS_SUCCESS,3:BULK,0x81,DEVICE_TO_HOST,0x01,COMPLETION,10,0xa0,0x82,VM_USB_ATTACH_BEGIN,bounded chip register read,OBSERVED
167,166,2026-08-22T20:56:44.225890Z,679.636,1,2,0x0009,BULK_OR_INTERRUPT_TRANSFER,0x00000000,USBD_STATUS_SUCCESS,3:BULK,0x81,DEVICE_TO_HOST,0x00,SUBMISSION,0,none,,VM_USB_ATTACH_BEGIN,bulk_or_interrupt_transfer with no captured data,OBSERVED
168,167,2026-08-22T20:56:44.226635Z,680.381,1,2,0x0009,BULK_OR_INTERRUPT_TRANSFER,0x00000000,USBD_STATUS_SUCCESS,3:BULK,0x01,HOST_TO_DEVICE,0x00,SUBMISSION,64,0xa0,0x20,VM_USB_ATTACH_BEGIN,image mode cmd1=0,OBSERVED
169,168,2026-08-22T20:56:44.227268Z,681.014,1,2,0x0009,BULK_OR_INTERRUPT_TRANSFER,0x00000000,USBD_STATUS_SUCCESS,3:BULK,0x01,HOST_TO_DEVICE,0x01,COMPLETION,0,none,,VM_USB_ATTACH_BEGIN,bulk_or_interrupt_transfer with no captured data,OBSERVED
170,169,2026-08-22T20:56:44.227327Z,681.073,1,2,0x0009,BULK_OR_INTERRUPT_TRANSFER,0x00000000,USBD_STATUS_SUCCESS,3:BULK,0x81,DEVICE_TO_HOST,0x01,COMPLETION,10,0xa0,0xb0,VM_USB_ATTACH_BEGIN,A0 transport ACK; echo/status metadata present,OBSERVED
171,170,2026-08-22T20:56:44.227569Z,681.315,1,2,0x0009,BULK_OR_INTERRUPT_TRANSFER,0x00000000,USBD_STATUS_SUCCESS,3:BULK,0x81,DEVICE_TO_HOST,0x00,SUBMISSION,0,none,,VM_USB_ATTACH_BEGIN,bulk_or_interrupt_transfer with no captured data,OBSERVED
172,171,2026-08-22T20:56:44.307928Z,761.674,1,2,0x0009,BULK_OR_INTERRUPT_TRANSFER,0x00000000,USBD_STATUS_SUCCESS,3:BULK,0x81,DEVICE_TO_HOST,0x01,COMPLETION,7726,0xb0,,VM_USB_ATTACH_BEGIN,B0 TLS/application byte-stream fragment,OBSERVED
173,172,2026-08-22T20:56:44.310242Z,763.988,1,2,0x0009,BULK_OR_INTERRUPT_TRANSFER,0x00000000,USBD_STATUS_SUCCESS,3:BULK,0x01,HOST_TO_DEVICE,0x00,SUBMISSION,64,0xa0,0x36,VM_USB_ATTACH_BEGIN,manual no-finger FDT baseline sample,OBSERVED
174,173,2026-08-22T20:56:44.311001Z,764.747,1,2,0x0009,BULK_OR_INTERRUPT_TRANSFER,0x00000000,USBD_STATUS_SUCCESS,3:BULK,0x01,HOST_TO_DEVICE,0x01,COMPLETION,0,none,,VM_USB_ATTACH_BEGIN,bulk_or_interrupt_transfer with no captured data,OBSERVED
175,174,2026-08-22T20:56:44.311250Z,764.996,1,2,0x0009,BULK_OR_INTERRUPT_TRANSFER,0x00000000,USBD_STATUS_SUCCESS,3:BULK,0x81,DEVICE_TO_HOST,0x00,SUBMISSION,0,none,,VM_USB_ATTACH_BEGIN,bulk_or_interrupt_transfer with no captured data,OBSERVED
176,175,2026-08-22T20:56:44.332883Z,786.629,1,2,0x0009,BULK_OR_INTERRUPT_TRANSFER,0x00000000,USBD_STATUS_SUCCESS,3:BULK,0x81,DEVICE_TO_HOST,0x01,COMPLETION,10,0xa0,0xb0,VM_USB_ATTACH_BEGIN,A0 transport ACK; echo/status metadata present,OBSERVED
177,176,2026-08-22T20:56:44.333731Z,787.477,1,2,0x0009,BULK_OR_INTERRUPT_TRANSFER,0x00000000,USBD_STATUS_SUCCESS,3:BULK,0x81,DEVICE_TO_HOST,0x00,SUBMISSION,0,none,,VM_USB_ATTACH_BEGIN,bulk_or_interrupt_transfer with no captured data,OBSERVED
178,177,2026-08-22T20:56:44.342900Z,796.646,1,2,0x0009,BULK_OR_INTERRUPT_TRANSFER,0x00000000,USBD_STATUS_SUCCESS,3:BULK,0x81,DEVICE_TO_HOST,0x01,COMPLETION,24,0xa0,0x36,VM_USB_ATTACH_BEGIN,manual no-finger FDT baseline sample,OBSERVED
179,178,2026-08-22T20:56:44.346378Z,800.124,1,2,0x0009,BULK_OR_INTERRUPT_TRANSFER,0x00000000,USBD_STATUS_SUCCESS,3:BULK,0x01,HOST_TO_DEVICE,0x00,SUBMISSION,64,0xa0,0x32,VM_USB_ATTACH_BEGIN,FDT finger-down arm,OBSERVED
180,179,2026-08-22T20:56:44.346988Z,800.734,1,2,0x0009,BULK_OR_INTERRUPT_TRANSFER,0x00000000,USBD_STATUS_SUCCESS,3:BULK,0x81,DEVICE_TO_HOST,0x00,SUBMISSION,0,none,,VM_USB_ATTACH_BEGIN,bulk_or_interrupt_transfer with no captured data,OBSERVED
181,180,2026-08-22T20:56:44.347221Z,800.967,1,2,0x0009,BULK_OR_INTERRUPT_TRANSFER,0x00000000,USBD_STATUS_SUCCESS,3:BULK,0x01,HOST_TO_DEVICE,0x01,COMPLETION,0,none,,VM_USB_ATTACH_BEGIN,bulk_or_interrupt_transfer with no captured data,OBSERVED
182,181,2026-08-22T20:56:44.347335Z,801.081,1,2,0x0009,BULK_OR_INTERRUPT_TRANSFER,0x00000000,USBD_STATUS_SUCCESS,3:BULK,0x81,DEVICE_TO_HOST,0x01,COMPLETION,10,0xa0,0xb0,VM_USB_ATTACH_BEGIN,A0 transport ACK; echo/status metadata present,OBSERVED
183,182,2026-08-22T20:56:44.347723Z,801.469,1,2,0x0009,BULK_OR_INTERRUPT_TRANSFER,0x00000000,USBD_STATUS_SUCCESS,3:BULK,0x81,DEVICE_TO_HOST,0x00,SUBMISSION,0,none,,VM_USB_ATTACH_BEGIN,bulk_or_interrupt_transfer with no captured data,OBSERVED
186,185,2026-08-22T20:56:53.586901Z,10040.647,1,2,0x0009,BULK_OR_INTERRUPT_TRANSFER,0xc0010000,USBD_STATUS_CANCELED,3:BULK,0x81,DEVICE_TO_HOST,0x01,COMPLETION,0,none,,GUEST_27C6_5125_PRESENT,canceled bulk-IN completion; host request cancellation evidence only,OBSERVED
187,186,2026-08-22T20:57:20.404812Z,36858.558,1,2,0x0009,BULK_OR_INTERRUPT_TRANSFER,0x00000000,USBD_STATUS_SUCCESS,3:BULK,0x81,DEVICE_TO_HOST,0x00,SUBMISSION,0,none,,HELLO_SETUP_UI_CHECK_BEGIN,bulk_or_interrupt_transfer with no captured data,OBSERVED
188,187,2026-08-22T20:57:20.427353Z,36881.099,1,2,0x0009,BULK_OR_INTERRUPT_TRANSFER,0x00000000,USBD_STATUS_SUCCESS,3:BULK,0x01,HOST_TO_DEVICE,0x00,SUBMISSION,64,0xa0,0x01,HELLO_SETUP_UI_CHECK_BEGIN,bounded no-ack state form,OBSERVED
189,188,2026-08-22T20:57:20.428069Z,36881.815,1,2,0x0009,BULK_OR_INTERRUPT_TRANSFER,0x00000000,USBD_STATUS_SUCCESS,3:BULK,0x01,HOST_TO_DEVICE,0x01,COMPLETION,0,none,,HELLO_SETUP_UI_CHECK_BEGIN,bulk_or_interrupt_transfer with no captured data,OBSERVED
190,189,2026-08-22T20:57:20.458080Z,36911.826,1,2,0x0009,BULK_OR_INTERRUPT_TRANSFER,0x00000000,USBD_STATUS_SUCCESS,3:BULK,0x01,HOST_TO_DEVICE,0x00,SUBMISSION,64,0xa0,0xd5,HELLO_SETUP_UI_CHECK_BEGIN,D4 wire coordinate,OBSERVED
191,190,2026-08-22T20:57:20.459012Z,36912.758,1,2,0x0009,BULK_OR_INTERRUPT_TRANSFER,0x00000000,USBD_STATUS_SUCCESS,3:BULK,0x01,HOST_TO_DEVICE,0x01,COMPLETION,0,none,,HELLO_SETUP_UI_CHECK_BEGIN,bulk_or_interrupt_transfer with no captured data,OBSERVED
192,191,2026-08-22T20:57:20.529463Z,36983.209,1,2,0x0009,BULK_OR_INTERRUPT_TRANSFER,0x00000000,USBD_STATUS_SUCCESS,3:BULK,0x01,HOST_TO_DEVICE,0x00,SUBMISSION,64,0xa0,0x01,HELLO_SETUP_UI_CHECK_BEGIN,bounded no-ack state form,OBSERVED
193,192,2026-08-22T20:57:20.530352Z,36984.098,1,2,0x0009,BULK_OR_INTERRUPT_TRANSFER,0x00000000,USBD_STATUS_SUCCESS,3:BULK,0x01,HOST_TO_DEVICE,0x01,COMPLETION,0,none,,HELLO_SETUP_UI_CHECK_BEGIN,bulk_or_interrupt_transfer with no captured data,OBSERVED
194,193,2026-08-22T20:57:20.574716Z,37028.462,1,2,0x0009,BULK_OR_INTERRUPT_TRANSFER,0x00000000,USBD_STATUS_SUCCESS,3:BULK,0x01,HOST_TO_DEVICE,0x00,SUBMISSION,64,0xa0,0xaf,HELLO_SETUP_UI_CHECK_BEGIN,MCU state query wire coordinate,OBSERVED
195,194,2026-08-22T20:57:20.575600Z,37029.346,1,2,0x0009,BULK_OR_INTERRUPT_TRANSFER,0x00000000,USBD_STATUS_SUCCESS,3:BULK,0x01,HOST_TO_DEVICE,0x01,COMPLETION,0,none,,HELLO_SETUP_UI_CHECK_BEGIN,bulk_or_interrupt_transfer with no captured data,OBSERVED
196,195,2026-08-22T20:57:20.575648Z,37029.394,1,2,0x0009,BULK_OR_INTERRUPT_TRANSFER,0x00000000,USBD_STATUS_SUCCESS,3:BULK,0x81,DEVICE_TO_HOST,0x01,COMPLETION,24,0xa0,0xae,HELLO_SETUP_UI_CHECK_BEGIN,MCU state response,OBSERVED
197,196,2026-08-22T20:57:20.578391Z,37032.137,1,2,0x0009,BULK_OR_INTERRUPT_TRANSFER,0x00000000,USBD_STATUS_SUCCESS,3:BULK,0x81,DEVICE_TO_HOST,0x00,SUBMISSION,0,none,,HELLO_SETUP_UI_CHECK_BEGIN,bulk_or_interrupt_transfer with no captured data,OBSERVED
198,197,2026-08-22T20:57:27.322625Z,43776.371,1,2,0x0009,BULK_OR_INTERRUPT_TRANSFER,0x00000000,USBD_STATUS_SUCCESS,3:BULK,0x01,HOST_TO_DEVICE,0x00,SUBMISSION,64,0xa0,0x32,HELLO_SETUP_UI_CHECK_BEGIN,FDT finger-down arm,OBSERVED
199,198,2026-08-22T20:57:27.343366Z,43797.112,1,2,0x0009,BULK_OR_INTERRUPT_TRANSFER,0x00000000,USBD_STATUS_SUCCESS,3:BULK,0x01,HOST_TO_DEVICE,0x01,COMPLETION,0,none,,HELLO_SETUP_UI_CHECK_BEGIN,bulk_or_interrupt_transfer with no captured data,OBSERVED
200,199,2026-08-22T20:57:27.343403Z,43797.149,1,2,0x0009,BULK_OR_INTERRUPT_TRANSFER,0x00000000,USBD_STATUS_SUCCESS,3:BULK,0x81,DEVICE_TO_HOST,0x01,COMPLETION,10,0xa0,0xb0,HELLO_SETUP_UI_CHECK_BEGIN,A0 transport ACK; echo/status metadata present,OBSERVED
201,200,2026-08-22T20:57:27.401146Z,43854.892,1,2,0x0009,BULK_OR_INTERRUPT_TRANSFER,0x00000000,USBD_STATUS_SUCCESS,3:BULK,0x81,DEVICE_TO_HOST,0x00,SUBMISSION,0,none,,HELLO_SETUP_UI_CHECK_BEGIN,bulk_or_interrupt_transfer with no captured data,OBSERVED
202,201,2026-08-22T20:57:56.429744Z,72883.490,1,2,0x0009,BULK_OR_INTERRUPT_TRANSFER,0xc0010000,USBD_STATUS_CANCELED,3:BULK,0x81,DEVICE_TO_HOST,0x01,COMPLETION,0,none,,REENTRY_BEGIN,canceled bulk-IN completion; host request cancellation evidence only,OBSERVED
203,202,2026-08-22T20:57:59.747567Z,76201.313,1,2,0x0009,BULK_OR_INTERRUPT_TRANSFER,0x00000000,USBD_STATUS_SUCCESS,3:BULK,0x81,DEVICE_TO_HOST,0x00,SUBMISSION,0,none,,REENTRY_BEGIN,bulk_or_interrupt_transfer with no captured data,OBSERVED
204,203,2026-08-22T20:57:59.748553Z,76202.299,1,2,0x0009,BULK_OR_INTERRUPT_TRANSFER,0x00000000,USBD_STATUS_SUCCESS,3:BULK,0x01,HOST_TO_DEVICE,0x00,SUBMISSION,64,0xa0,0x01,REENTRY_BEGIN,bounded no-ack state form,OBSERVED
205,204,2026-08-22T20:57:59.755895Z,76209.641,1,2,0x0009,BULK_OR_INTERRUPT_TRANSFER,0x00000000,USBD_STATUS_SUCCESS,3:BULK,0x01,HOST_TO_DEVICE,0x01,COMPLETION,0,none,,REENTRY_BEGIN,bulk_or_interrupt_transfer with no captured data,OBSERVED
206,205,2026-08-22T20:57:59.768352Z,76222.098,1,2,0x0009,BULK_OR_INTERRUPT_TRANSFER,0x00000000,USBD_STATUS_SUCCESS,3:BULK,0x01,HOST_TO_DEVICE,0x00,SUBMISSION,64,0xa0,0xd5,REENTRY_BEGIN,D4 wire coordinate,OBSERVED
207,206,2026-08-22T20:57:59.772356Z,76226.102,1,2,0x0009,BULK_OR_INTERRUPT_TRANSFER,0x00000000,USBD_STATUS_SUCCESS,3:BULK,0x01,HOST_TO_DEVICE,0x01,COMPLETION,0,none,,REENTRY_BEGIN,bulk_or_interrupt_transfer with no captured data,OBSERVED
208,207,2026-08-22T20:57:59.806056Z,76259.802,1,2,0x0009,BULK_OR_INTERRUPT_TRANSFER,0x00000000,USBD_STATUS_SUCCESS,3:BULK,0x01,HOST_TO_DEVICE,0x00,SUBMISSION,64,0xa0,0x01,REENTRY_BEGIN,bounded no-ack state form,OBSERVED
209,208,2026-08-22T20:57:59.806557Z,76260.303,1,2,0x0009,BULK_OR_INTERRUPT_TRANSFER,0x00000000,USBD_STATUS_SUCCESS,3:BULK,0x01,HOST_TO_DEVICE,0x01,COMPLETION,0,none,,REENTRY_BEGIN,bulk_or_interrupt_transfer with no captured data,OBSERVED
210,209,2026-08-22T20:57:59.831667Z,76285.413,1,2,0x0009,BULK_OR_INTERRUPT_TRANSFER,0x00000000,USBD_STATUS_SUCCESS,3:BULK,0x01,HOST_TO_DEVICE,0x00,SUBMISSION,64,0xa0,0xaf,REENTRY_BEGIN,MCU state query wire coordinate,OBSERVED
211,210,2026-08-22T20:57:59.832173Z,76285.919,1,2,0x0009,BULK_OR_INTERRUPT_TRANSFER,0x00000000,USBD_STATUS_SUCCESS,3:BULK,0x01,HOST_TO_DEVICE,0x01,COMPLETION,0,none,,REENTRY_BEGIN,bulk_or_interrupt_transfer with no captured data,OBSERVED
212,211,2026-08-22T20:57:59.832251Z,76285.997,1,2,0x0009,BULK_OR_INTERRUPT_TRANSFER,0x00000000,USBD_STATUS_SUCCESS,3:BULK,0x81,DEVICE_TO_HOST,0x01,COMPLETION,24,0xa0,0xae,REENTRY_BEGIN,MCU state response,OBSERVED
213,212,2026-08-22T20:57:59.843231Z,76296.977,1,2,0x0009,BULK_OR_INTERRUPT_TRANSFER,0x00000000,USBD_STATUS_SUCCESS,3:BULK,0x81,DEVICE_TO_HOST,0x00,SUBMISSION,0,none,,REENTRY_BEGIN,bulk_or_interrupt_transfer with no captured data,OBSERVED
214,213,2026-08-22T20:58:04.344844Z,80798.590,1,2,0x0009,BULK_OR_INTERRUPT_TRANSFER,0x00000000,USBD_STATUS_SUCCESS,3:BULK,0x01,HOST_TO_DEVICE,0x00,SUBMISSION,64,0xa0,0x32,REENTRY_BEGIN,FDT finger-down arm,OBSERVED
215,214,2026-08-22T20:58:04.379871Z,80833.617,1,2,0x0009,BULK_OR_INTERRUPT_TRANSFER,0x00000000,USBD_STATUS_SUCCESS,3:BULK,0x01,HOST_TO_DEVICE,0x01,COMPLETION,0,none,,REENTRY_BEGIN,bulk_or_interrupt_transfer with no captured data,OBSERVED
216,215,2026-08-22T20:58:04.379960Z,80833.706,1,2,0x0009,BULK_OR_INTERRUPT_TRANSFER,0x00000000,USBD_STATUS_SUCCESS,3:BULK,0x81,DEVICE_TO_HOST,0x01,COMPLETION,10,0xa0,0xb0,REENTRY_BEGIN,A0 transport ACK; echo/status metadata present,OBSERVED
217,216,2026-08-22T20:58:04.380538Z,80834.284,1,2,0x0009,BULK_OR_INTERRUPT_TRANSFER,0x00000000,USBD_STATUS_SUCCESS,3:BULK,0x81,DEVICE_TO_HOST,0x00,SUBMISSION,0,none,,REENTRY_BEGIN,bulk_or_interrupt_transfer with no captured data,OBSERVED
218,217,2026-08-22T20:58:26.117654Z,102571.400,1,2,0x0009,BULK_OR_INTERRUPT_TRANSFER,0xc0010000,USBD_STATUS_CANCELED,3:BULK,0x81,DEVICE_TO_HOST,0x01,COMPLETION,0,none,,OPERATOR_PHASES_COMPLETE,canceled bulk-IN completion; host request cancellation evidence only,OBSERVED
