property,local_12509,rocky_12508,yanxinwu946_claimed_12509,issue63_5125_unknown_firmware,wbdi_5110_app12117
initial FDT seed,adadbdbda3a3b1b1a6a6b2b2; ultimate source unresolved [TARGET_CAPTURE],"all-zero on first run, otherwise cached current table [THIRD_PARTY_CODE]",b3b3c3c3a8a8b5b5a8a8b7b7; static constant [THIRD_PARTY_CODE],unknown; capture begins already armed [UNKNOWN],afafbfbfa4a4b8b8a8a8b7b7; base-file field strongly inferred [OEM_LOG_CROSS_FAMILY]
FDT passes,3 successful chained manual samples [TARGET_CAPTURE],1 successful sample; at most 3 retry attempts [THIRD_PARTY_CODE],2 manual steps (static then learned) [THIRD_PARTY_CODE],22 runtime manual samples across enrollment cycles; cold-init count unknown [THIRD_PARTY_CAPTURE],3 successful named stages 0/1/2; fixed observed orchestration [OEM_LOG_CROSS_FAMILY]
NAV interleave,not observed between the three target manual samples [TARGET_CAPTURE],none in FDT sampler [THIRD_PARTY_CODE],"yes, between its two manual steps [THIRD_PARTY_CODE]",not present in captured mid-session scope [THIRD_PARTY_CAPTURE],"yes, between manual stages 0 and 1 [OEM_LOG_CROSS_FAMILY]"
baseline image interleave,0x20 no-finger/base-image occurrence before final manual sample [TARGET_CAPTURE],0x20 after successful FDT sampling [THIRD_PARTY_CODE],0x20 after second manual step; no third step [THIRD_PARTY_CODE],14 IRQ100 events lead next to 0x20; 8 lead next to 0x32 re-arm [THIRD_PARTY_CAPTURE],0x20 baseline image between manual stages 1 and 2 [OEM_LOG_CROSS_FAMILY]
post-IRQ2 image command,0x22 [01 00] [TARGET_CAPTURE],0x20 [01 00] [THIRD_PARTY_CODE],0x20 path; no captured IRQ2 [THIRD_PARTY_CODE],0x22 [01 00] after all 21 observed IRQ2 events [THIRD_PARTY_CAPTURE],0x20 [01 00] in 5110/APP12117 flow [OEM_LOG_CROSS_FAMILY]
finger-up lifecycle,0x34 -> IRQ200 -> 0x20 base image -> later re-arm [TARGET_CAPTURE],0x34 -> IRQ200 [THIRD_PARTY_CODE],not implemented in scan path [THIRD_PARTY_CODE],35 outbound 0x34; 13 observed IRQ200; positive cycles [THIRD_PARTY_CAPTURE],0x34/IRQ200 present on positive cycles [OEM_LOG_CROSS_FAMILY]
explicit device cancel/restore,none observed; failure/stop unknown [TARGET_CAPTURE],host capture_stop flag only [THIRD_PARTY_CODE],host state/TLS cleanup only; no mode command [THIRD_PARTY_CODE],none; positive cycles only [THIRD_PARTY_CAPTURE],none proven for no-finger stop [OEM_LOG_CROSS_FAMILY]
physical 0x36 tail,64-byte OUT; opaque residue cbf2e2befb7f at offsets 40-45; zero-tail not observed [TARGET_CAPTURE],64-byte zero-padding in transport implementation [THIRD_PARTY_CODE],wire physical tail not evidenced [UNKNOWN],64-byte OUT; opaque residue cbf2ca66f87f at offsets 40-45; zero-tail not observed [THIRD_PARTY_CAPTURE],physical USB tail unavailable in text log [UNKNOWN]
cache/base file,OEM goodix.dat path/OTP-prefix check observed in code; exact file unavailable [TARGET_CAPTURE],OTP64+FDT12+NAV3200+IMAGE10240+CRC4 goodix.dat [THIRD_PARTY_CODE],no equivalent driver cache lifecycle implemented [THIRD_PARTY_CODE],not visible in mid-session capture [UNKNOWN],"13520-byte OTP-bound CRC cache, loaded then refreshed/saved [OEM_LOG_CROSS_FAMILY]"
